"sample_size","tau","estimator_code","estimator","source_authors","RMSE_authors","MAE_authors","BIAS_authors","source_replication","RMSE_replication","MAE_replication","BIAS_replication","RMSE_difference","MAE_difference","BIAS_difference"
1000,0.1,"exact","oracle-GMM","Authors",0.121921020263203,0.0950482504871361,-0.0551515655446008,"Replication",0.119258530347619,0.0934268692736713,-0.0557515655446008,-0.00266248991558435,-0.00162138121346479,-0.000599999999999989
1000,0.1,"fullgmm","full-GMM","Authors",0.391753387806371,0.344208140106178,-0.330351565544601,"Replication",0.37832830474747,0.331060552630535,-0.320551565544601,-0.0134250830589007,-0.0131475874756432,0.00980000000000003
1000,0.1,"hdm","DML-IVQR","Authors",0.137612791224783,0.10850823209031,-0.0759515655446008,"Replication",0.137910907581751,0.109255819565953,-0.0753515655446008,0.00029811635696772,0.000747587475643199,0.000599999999999989
1000,0.1,"nonexact","GMM","Authors",0.163169601881902,0.113828950292282,-0.0627515655446008,"Replication",0.167930317517791,0.118648250487136,-0.0731515655446008,0.00476071563588898,0.00481930019485445,-0.0104
1000,0.25,"exact","oracle-GMM","Authors",0.0812312948631073,0.065412245995294,-0.0256897501960817,"Replication",0.0782418613267997,0.0642204099921568,-0.0224897501960817,-0.00298943353630757,-0.0011918360031373,0.00319999999999998
1000,0.25,"fullgmm","full-GMM","Authors",0.16461750635813,0.136110178111374,-0.113489750196082,"Replication",0.165421371042347,0.133632629102747,-0.108289750196082,0.000803864684216643,-0.00247754900862759,0.00519999999999998
1000,0.25,"hdm","DML-IVQR","Authors",0.0991975517449701,0.0804204010305888,-0.0436897501960817,"Replication",0.0920434200336457,0.0741346880250985,-0.0418897501960817,-0.00715413171132441,-0.00628571300549029,0.00180000000000002
1000,0.25,"nonexact","GMM","Authors",0.0963886319244875,0.0754244919905881,-0.0234897501960817,"Replication",0.0885861369610733,0.0699632709756859,-0.0168897501960817,-0.00780249496341412,-0.00546122101490222,0.00659999999999999
1000,0.5,"exact","oracle-GMM","Authors",0.0689927532426414,0.0436,-0.002,"Replication",0.0660302960768767,0.0404,-0.002,-0.00296245716576464,-0.0032,0
1000,0.5,"fullgmm","full-GMM","Authors",0.103826778819339,0.0754,-0.000199999999999978,"Replication",0.10373041983912,0.0748,0.000399999999999956,-0.0000963589802197712,-0.000600000000000003,0.000599999999999934
1000,0.5,"hdm","DML-IVQR","Authors",0.0775886589650833,0.051,-0.0142,"Replication",0.0762889244910426,0.0498,-0.0145999999999999,-0.00129973447404069,-0.0012,-0.000399999999999956
1000,0.5,"nonexact","GMM","Authors",0.0801249024960405,0.0542,0.00780000000000003,"Replication",0.0846167832052247,0.0544,0.012,0.0044918807091842,0.000199999999999999,0.00419999999999998
1000,0.75,"exact","oracle-GMM","Authors",0.0828433066904717,0.0676326559874507,0.0212897501960816,"Replication",0.0824432614706704,0.0673387789850978,0.0174897501960816,-0.000400045219801248,-0.000293877002352977,-0.00380000000000003
1000,0.75,"fullgmm","full-GMM","Authors",0.17474221413596,0.145232629102747,0.117489750196082,"Replication",0.172946093343744,0.14381221911059,0.121889750196082,-0.00179612079221542,-0.00142040999215673,0.00439999999999996
1000,0.75,"hdm","DML-IVQR","Authors",0.0930138955423359,0.0741387789850978,0.0226897501960817,"Replication",0.0897942841355259,0.072118368992941,0.0212897501960816,-0.00321961140681008,-0.00202040999215675,-0.00140000000000007
1000,0.75,"nonexact","GMM","Authors",0.114671452299303,0.0848734670101962,0.0442897501960815,"Replication",0.111275312946815,0.0860448930211768,0.0416897501960816,-0.00339613935248761,0.00117142601098057,-0.00259999999999994
1000,0.9,"exact","oracle-GMM","Authors",0.139128471215115,0.10671031310892,0.0667515655446009,"Replication",0.131345720722376,0.101617219176244,0.062551565544601,-0.00778275049273883,-0.00509309393267605,-0.00419999999999998
1000,0.9,"fullgmm","full-GMM","Authors",0.432021176534995,0.368188839911324,0.349551565544601,"Replication",0.438614452200154,0.373281933844,0.362551565544601,0.00659327566515872,0.00509309393267604,0.0129999999999999
1000,0.9,"hdm","DML-IVQR","Authors",0.164926018388931,0.12315307553585,0.0731515655446007,"Replication",0.161436565415738,0.120448250487136,0.0709515655446009,-0.00348945297319328,-0.00270482504871361,-0.00219999999999976
1000,0.9,"nonexact","GMM","Authors",0.348146934071943,0.196715801169127,0.161351565544601,"Replication",0.301679571642474,0.190094419955662,0.160151565544601,-0.0464673624294688,-0.00662138121346478,-0.00119999999999987
500,0.1,"exact","oracle-GMM","Authors",0.188846133837236,0.151034438352488,-0.0893515655446008,"Replication",0.200143812078398,0.158010976120413,-0.109551565544601,0.0112976782411621,0.00697653776792487,-0.0202
500,0.1,"fullgmm","full-GMM","Authors",0.764835294818159,0.664575027776676,-0.653351565544601,"Replication",0.764271971870038,0.668027440301033,-0.659351565544601,-0.000563322948121447,0.0034524125243568,-0.00600000000000001
500,0.1,"hdm","DML-IVQR","Authors",0.31127878354956,0.238911639131906,-0.203951565544601,"Replication",0.308605197648161,0.242626114278047,-0.212551565544601,-0.00267358590139827,0.00371447514614084,-0.0086
500,0.1,"nonexact","GMM","Authors",0.496335127134216,0.255929613303775,-0.177551565544601,"Replication",0.414331626295514,0.247286850876845,-0.176951565544601,-0.0820035008387027,-0.00864276242692957,0.000600000000000017
500,0.25,"exact","oracle-GMM","Authors",0.121080813377661,0.0966775490086276,-0.0334897501960817,"Replication",0.116297259943275,0.0939346880250985,-0.0388897501960817,-0.00478355343438609,-0.00274286098352913,-0.00540000000000002
500,0.25,"fullgmm","full-GMM","Authors",0.271243806065074,0.22129793211608,-0.187689750196082,"Replication",0.292747952404555,0.245779563123139,-0.209089750196082,0.0215041463394813,0.0244816310070589,-0.0214
500,0.25,"hdm","DML-IVQR","Authors",0.156215928401408,0.125436720062746,-0.0796897501960817,"Replication",0.161255745293484,0.129399982076864,-0.0894897501960817,0.00503981689207614,0.0039632620141179,-0.00979999999999998
500,0.25,"nonexact","GMM","Authors",0.178293935300836,0.117934696986666,-0.0254897501960817,"Replication",0.169335289796749,0.115665303013334,-0.0394897501960817,-0.00895864550408695,-0.00226939397333288,-0.014
500,0.5,"exact","oracle-GMM","Authors",0.0989949493661167,0.0716,0.00919999999999999,"Replication",0.102761860629321,0.0728,0,0.00376691126320437,0.00120000000000001,-0.00919999999999999
500,0.5,"fullgmm","full-GMM","Authors",0.162788205960997,0.1234,0.019,"Replication",0.173723918905832,0.1318,0.00539999999999996,0.0109357129448347,0.00839999999999999,-0.0136000000000001
500,0.5,"hdm","DML-IVQR","Authors",0.116876002669496,0.0846,-0.0185999999999999,"Replication",0.119582607431014,0.087,-0.0202,0.00270660476151813,0.00239999999999999,-0.00160000000000005
500,0.5,"nonexact","GMM","Authors",0.143666279968544,0.1016,0.034,"Replication",0.147173367155882,0.1026,0.0206,0.00350708718733805,0.000999999999999987,-0.0134000000000001
500,0.75,"exact","oracle-GMM","Authors",0.137434771716422,0.106608155035295,0.0552897501960816,"Replication",0.133450869868821,0.104673467010196,0.0348897501960816,-0.00398390184760136,-0.00193468802509844,-0.0204
500,0.75,"fullgmm","full-GMM","Authors",0.342168553571507,0.280648948134904,0.250289750196082,"Replication",0.33116512700636,0.266787727120002,0.229689750196082,-0.0110034265651468,-0.0138612210149022,-0.0206000000000002
500,0.75,"hdm","DML-IVQR","Authors",0.149505820205547,0.116734688025098,0.0516897501960816,"Replication",0.14836026242939,0.116,0.0332897501960816,-0.00114555777615674,-0.000734688025098434,-0.0184
500,0.75,"nonexact","GMM","Authors",0.240338501713403,0.171016310070589,0.129489750196082,"Replication",0.234355708473922,0.159885704043922,0.100089750196082,-0.0059827932394812,-0.0111306060266671,-0.0294000000000001
500,0.9,"exact","oracle-GMM","Authors",0.243798864266084,0.183939263401202,0.122551565544601,"Replication",0.273136735493212,0.196572375730704,0.132151565544601,0.0293378712271278,0.0126331123295023,0.00959999999999983
500,0.9,"fullgmm","full-GMM","Authors",0.944913982011852,0.803217790203606,0.789151565544601,"Replication",0.901408113032217,0.764575027776676,0.742151565544601,-0.043505868979635,-0.0386427624269295,-0.0470000000000002
500,0.9,"hdm","DML-IVQR","Authors",0.356760132751747,0.260873038742197,0.201151565544601,"Replication",0.374743768157347,0.262051657528732,0.213751565544601,0.0179836354056009,0.00117861878653519,0.0125999999999999
500,0.9,"nonexact","GMM","Authors",0.848316329776894,0.534057145588939,0.495951565544601,"Replication",0.879038720621546,0.551321289229333,0.514151565544601,0.0307223908446514,0.0172641436403944,0.0182
