"replication","tau","estimator","alpha_hat_grid","min_W","n_alpha_success","n_alpha_failure","n_accepted_gridpoints","left_endpoint_accepted","right_endpoint_accepted","any_accepted","all_accepted","n_accepted_components_grid"
1,0.1,"Oracle-GMM",-0.8,0.0602144698414019,41,0,41,TRUE,TRUE,TRUE,TRUE,1
1,0.1,"Full-GMM",3.2,0.0339931353822378,41,0,38,FALSE,TRUE,TRUE,FALSE,2
1,0.1,"DML-IVQR",2.4,0.00242760911151908,41,0,40,TRUE,TRUE,TRUE,FALSE,2
1,0.5,"Oracle-GMM",1.4,0.242233799645487,41,0,36,TRUE,TRUE,TRUE,FALSE,6
1,0.5,"Full-GMM",1.8,0.170355412340135,41,0,23,FALSE,TRUE,TRUE,FALSE,5
1,0.5,"DML-IVQR",1.8,0.000830224415283301,41,0,24,FALSE,TRUE,TRUE,FALSE,2
1,0.9,"Oracle-GMM",3.4,0.0526399244472877,41,0,20,FALSE,TRUE,TRUE,FALSE,2
1,0.9,"Full-GMM",0.6,0.117208414820273,41,0,36,TRUE,TRUE,TRUE,FALSE,4
1,0.9,"DML-IVQR",2.6,0.318775755346929,41,0,16,FALSE,TRUE,TRUE,FALSE,2
2,0.1,"Oracle-GMM",-1,0.0320148616438612,41,0,41,TRUE,TRUE,TRUE,TRUE,1
2,0.1,"Full-GMM",1.4,0.0312017059108477,41,0,41,TRUE,TRUE,TRUE,TRUE,1
2,0.1,"DML-IVQR",0.2,0.0529524594230477,41,0,29,FALSE,FALSE,TRUE,FALSE,2
2,0.5,"Oracle-GMM",0.4,0.19257317188233,41,0,41,TRUE,TRUE,TRUE,TRUE,1
2,0.5,"Full-GMM",1.2,0.024961617272933,41,0,35,TRUE,FALSE,TRUE,FALSE,5
2,0.5,"DML-IVQR",0.2,0.0972429902385383,41,0,41,TRUE,TRUE,TRUE,TRUE,1
2,0.9,"Oracle-GMM",3,0.0412325203425919,41,0,41,TRUE,TRUE,TRUE,TRUE,1
2,0.9,"Full-GMM",-2.6,0.091759832758605,41,0,41,TRUE,TRUE,TRUE,TRUE,1
2,0.9,"DML-IVQR",5,0.174801010609243,41,0,41,TRUE,TRUE,TRUE,TRUE,1
3,0.1,"Oracle-GMM",-3,0.0332941693711651,41,0,37,TRUE,TRUE,TRUE,FALSE,2
3,0.1,"Full-GMM",4,0.0688159629334429,41,0,39,TRUE,TRUE,TRUE,FALSE,2
3,0.1,"DML-IVQR",-1.6,1.28399428380003,41,0,36,TRUE,TRUE,TRUE,FALSE,4
3,0.5,"Oracle-GMM",0.4,0.00327661514184944,41,0,41,TRUE,TRUE,TRUE,TRUE,1
3,0.5,"Full-GMM",1.4,0.0185698398253614,41,0,29,FALSE,TRUE,TRUE,FALSE,6
3,0.5,"DML-IVQR",2.6,0.0464388119223133,41,0,31,FALSE,TRUE,TRUE,FALSE,1
3,0.9,"Oracle-GMM",4.4,0.0585234724823777,41,0,41,TRUE,TRUE,TRUE,TRUE,1
3,0.9,"Full-GMM",-1.8,0.168884205257162,41,0,39,TRUE,TRUE,TRUE,FALSE,3
3,0.9,"DML-IVQR",2,0.0813667066042142,41,0,41,TRUE,TRUE,TRUE,TRUE,1
4,0.1,"Oracle-GMM",-0.2,0.206501041557763,41,0,38,TRUE,TRUE,TRUE,FALSE,3
4,0.1,"Full-GMM",3.8,0.0763687870663181,41,0,35,FALSE,TRUE,TRUE,FALSE,4
4,0.1,"DML-IVQR",2.2,0.627389526173687,41,0,28,FALSE,TRUE,TRUE,FALSE,2
4,0.5,"Oracle-GMM",-1.8,0.0511492484895843,41,0,38,TRUE,TRUE,TRUE,FALSE,3
4,0.5,"Full-GMM",1.2,0.491499407849424,41,0,33,TRUE,FALSE,TRUE,FALSE,7
4,0.5,"DML-IVQR",0.2,0.673950384509093,41,0,38,TRUE,TRUE,TRUE,FALSE,2
4,0.9,"Oracle-GMM",2.8,0.382372220082102,41,0,40,FALSE,TRUE,TRUE,FALSE,1
4,0.9,"Full-GMM",-0.8,0.144836684837813,41,0,32,FALSE,TRUE,TRUE,FALSE,4
4,0.9,"DML-IVQR",3,0.308834116331789,41,0,40,TRUE,TRUE,TRUE,FALSE,2
5,0.1,"Oracle-GMM",-1.4,0.00226190424011651,41,0,41,TRUE,TRUE,TRUE,TRUE,1
5,0.1,"Full-GMM",2,0.00412454791716204,41,0,41,TRUE,TRUE,TRUE,TRUE,1
5,0.1,"DML-IVQR",-2.8,0.564409624607587,41,0,41,TRUE,TRUE,TRUE,TRUE,1
5,0.5,"Oracle-GMM",0.6,0.218499328578564,41,0,41,TRUE,TRUE,TRUE,TRUE,1
5,0.5,"Full-GMM",3,0.0122286769477612,41,0,41,TRUE,TRUE,TRUE,TRUE,1
5,0.5,"DML-IVQR",3.2,0.0047050226573136,41,0,41,TRUE,TRUE,TRUE,TRUE,1
5,0.9,"Oracle-GMM",5,0.24656643066517,41,0,41,TRUE,TRUE,TRUE,TRUE,1
5,0.9,"Full-GMM",-2,0.0243453870885497,41,0,39,TRUE,TRUE,TRUE,FALSE,2
5,0.9,"DML-IVQR",4.2,0.0197886007003567,41,0,32,FALSE,TRUE,TRUE,FALSE,4
6,0.1,"Oracle-GMM",-1.6,0.32998012494309,41,0,40,TRUE,TRUE,TRUE,FALSE,2
6,0.1,"Full-GMM",1.2,0.0560550514807843,41,0,40,TRUE,TRUE,TRUE,FALSE,2
6,0.1,"DML-IVQR",-0.6,0.174540476969079,41,0,34,FALSE,TRUE,TRUE,FALSE,1
6,0.5,"Oracle-GMM",2.8,0.0251285030692415,41,0,41,TRUE,TRUE,TRUE,TRUE,1
6,0.5,"Full-GMM",2.6,0.0175194476617192,41,0,37,TRUE,TRUE,TRUE,FALSE,5
6,0.5,"DML-IVQR",1.4,0.129393802972961,41,0,41,TRUE,TRUE,TRUE,TRUE,1
6,0.9,"Oracle-GMM",4,0.11893381856632,41,0,41,TRUE,TRUE,TRUE,TRUE,1
6,0.9,"Full-GMM",0,0.0291080624317796,41,0,39,TRUE,FALSE,TRUE,FALSE,2
6,0.9,"DML-IVQR",-1.2,0.11136604490177,41,0,41,TRUE,TRUE,TRUE,TRUE,1
7,0.1,"Oracle-GMM",0.4,0.100726025230266,41,0,25,TRUE,FALSE,TRUE,FALSE,4
7,0.1,"Full-GMM",-1.4,0.0788522490819505,41,0,39,TRUE,TRUE,TRUE,FALSE,3
7,0.1,"DML-IVQR",-0.4,0.111927276181968,41,0,41,TRUE,TRUE,TRUE,TRUE,1
7,0.5,"Oracle-GMM",0.4,0.0661824857262799,41,0,26,FALSE,FALSE,TRUE,FALSE,3
7,0.5,"Full-GMM",0.4,0.105180269952841,41,0,32,TRUE,FALSE,TRUE,FALSE,7
7,0.5,"DML-IVQR",0.8,0.0195855236679024,41,0,32,FALSE,TRUE,TRUE,FALSE,1
7,0.9,"Oracle-GMM",4.6,0.501826983549341,41,0,33,FALSE,TRUE,TRUE,FALSE,5
7,0.9,"Full-GMM",0.4,0.0180792796611671,41,0,41,TRUE,TRUE,TRUE,TRUE,1
7,0.9,"DML-IVQR",3.2,0.0111855460688212,41,0,28,FALSE,TRUE,TRUE,FALSE,5
8,0.1,"Oracle-GMM",0,0.0388322327775332,41,0,41,TRUE,TRUE,TRUE,TRUE,1
8,0.1,"Full-GMM",2.2,0.0375012777093407,41,0,41,TRUE,TRUE,TRUE,TRUE,1
8,0.1,"DML-IVQR",1,0.00759544533689045,41,0,39,FALSE,TRUE,TRUE,FALSE,2
8,0.5,"Oracle-GMM",0.2,0.00608077350850186,41,0,41,TRUE,TRUE,TRUE,TRUE,1
8,0.5,"Full-GMM",1.6,0.0651381634081026,41,0,39,TRUE,TRUE,TRUE,FALSE,2
8,0.5,"DML-IVQR",0,0.35319897599791,41,0,41,TRUE,TRUE,TRUE,TRUE,1
8,0.9,"Oracle-GMM",4.4,0.00167914411303174,41,0,41,TRUE,TRUE,TRUE,TRUE,1
8,0.9,"Full-GMM",4.8,0.0741428217695349,41,0,41,TRUE,TRUE,TRUE,TRUE,1
8,0.9,"DML-IVQR",4.2,0.0571403682350046,41,0,41,TRUE,TRUE,TRUE,TRUE,1
9,0.1,"Oracle-GMM",5,0.259091844259233,41,0,38,TRUE,TRUE,TRUE,FALSE,2
9,0.1,"Full-GMM",-2.2,0.0195942708373879,41,0,41,TRUE,TRUE,TRUE,TRUE,1
9,0.1,"DML-IVQR",2.6,0.798245879938547,41,0,35,FALSE,TRUE,TRUE,FALSE,2
9,0.5,"Oracle-GMM",-2.8,0.00465741453526585,41,0,41,TRUE,TRUE,TRUE,TRUE,1
9,0.5,"Full-GMM",0.6,0.0858248353968019,41,0,41,TRUE,TRUE,TRUE,TRUE,1
9,0.5,"DML-IVQR",-2.4,0.00829792077497998,41,0,41,TRUE,TRUE,TRUE,TRUE,1
9,0.9,"Oracle-GMM",-2,0.169867414466008,41,0,39,TRUE,TRUE,TRUE,FALSE,3
9,0.9,"Full-GMM",2.4,0.0293227186895012,41,0,41,TRUE,TRUE,TRUE,TRUE,1
9,0.9,"DML-IVQR",2.2,0.18716285032403,41,0,41,TRUE,TRUE,TRUE,TRUE,1
10,0.1,"Oracle-GMM",-2,0.0130555892148535,41,0,41,TRUE,TRUE,TRUE,TRUE,1
10,0.1,"Full-GMM",2.6,0.00292954418084289,41,0,41,TRUE,TRUE,TRUE,TRUE,1
10,0.1,"DML-IVQR",0.6,0.326092015897633,41,0,38,TRUE,TRUE,TRUE,FALSE,2
10,0.5,"Oracle-GMM",1.4,0.0215706241483901,41,0,41,TRUE,TRUE,TRUE,TRUE,1
10,0.5,"Full-GMM",3.2,0.0420196803439025,41,0,39,TRUE,TRUE,TRUE,FALSE,3
10,0.5,"DML-IVQR",1.6,0.125185234623066,41,0,39,FALSE,TRUE,TRUE,FALSE,2
10,0.9,"Oracle-GMM",-2.6,0.0518338487819186,41,0,41,TRUE,TRUE,TRUE,TRUE,1
10,0.9,"Full-GMM",0.8,0.102560580441186,41,0,41,TRUE,TRUE,TRUE,TRUE,1
10,0.9,"DML-IVQR",-0.2,0.153881734223015,41,0,41,TRUE,TRUE,TRUE,TRUE,1
