"replication","n","tau","kappa","estimator","alpha_true","alpha_hat","bias","abs_error","squared_error","W_true","covered","rejected_true","cr_length","cr_any_accepted","cr_all_accepted","cr_left_boundary_accepted","cr_right_boundary_accepted","cr_n_components_grid","point_left_boundary","point_right_boundary","n_W_success","n_W_failure","status"
1,500,0.1,1,"Oracle-GMM",-0.281551565544601,-0.2,0.0815515655446009,0.0815515655446009,0.00665065784277533,1.73543636644356,TRUE,FALSE,0.65,TRUE,FALSE,FALSE,FALSE,1,FALSE,FALSE,86,0,"OK"
1,500,0.1,1,"Full-GMM",-0.281551565544601,0.1,0.381551565544601,0.381551565544601,0.145581597169536,6.09134365749078,FALSE,TRUE,1.45,TRUE,FALSE,FALSE,FALSE,6,FALSE,FALSE,86,0,"OK"
1,500,0.1,1,"DML-IVQR",-0.281551565544601,-0.2,0.0815515655446009,0.0815515655446009,0.00665065784277533,0.122596566441249,TRUE,FALSE,1.6,TRUE,FALSE,FALSE,FALSE,5,FALSE,FALSE,86,0,"OK"
1,500,0.1,0.5,"Oracle-GMM",-0.281551565544601,-0.3,-0.0184484344553991,0.0184484344553991,0.000340344733855157,0.371007647699664,TRUE,FALSE,1.65,TRUE,FALSE,FALSE,FALSE,1,FALSE,FALSE,86,0,"OK"
1,500,0.1,0.5,"Full-GMM",-0.281551565544601,0.2,0.481551565544601,0.481551565544601,0.231891910278456,1.10945919722487,TRUE,FALSE,2,TRUE,FALSE,FALSE,FALSE,14,FALSE,FALSE,86,0,"OK"
1,500,0.1,0.5,"DML-IVQR",-0.281551565544601,0.2,0.481551565544601,0.481551565544601,0.231891910278456,0.333861131053483,TRUE,FALSE,2.775,TRUE,FALSE,FALSE,TRUE,7,FALSE,FALSE,86,0,"OK"
1,500,0.1,0.25,"Oracle-GMM",-0.281551565544601,-0.1,0.181551565544601,0.181551565544601,0.0329609709516955,0.484334614000602,TRUE,FALSE,3.525,TRUE,FALSE,TRUE,FALSE,4,FALSE,FALSE,86,0,"OK"
1,500,0.1,0.25,"Full-GMM",-0.281551565544601,2.9,3.1815515655446,3.1815515655446,10.1222703642193,5.59123257380781,TRUE,FALSE,3.8,TRUE,FALSE,TRUE,TRUE,5,FALSE,FALSE,86,0,"OK"
1,500,0.1,0.25,"DML-IVQR",-0.281551565544601,-0.3,-0.0184484344553991,0.0184484344553991,0.000340344733855157,0.421612223882116,TRUE,FALSE,3.625,TRUE,FALSE,FALSE,TRUE,6,FALSE,FALSE,86,0,"OK"
1,500,0.1,0.1,"Oracle-GMM",-0.281551565544601,-0.4,-0.118448434455399,0.118448434455399,0.014030031624935,0.898158858032815,TRUE,FALSE,4,TRUE,TRUE,TRUE,TRUE,1,FALSE,FALSE,86,0,"OK"
1,500,0.1,0.1,"Full-GMM",-0.281551565544601,-0.3,-0.0184484344553991,0.0184484344553991,0.000340344733855157,1.27041801353961,TRUE,FALSE,3.85,TRUE,FALSE,TRUE,TRUE,4,FALSE,FALSE,86,0,"OK"
1,500,0.1,0.1,"DML-IVQR",-0.281551565544601,-0.1,0.181551565544601,0.181551565544601,0.0329609709516955,0.685675493040902,TRUE,FALSE,3.95,TRUE,FALSE,TRUE,TRUE,2,FALSE,FALSE,86,0,"OK"
1,500,0.25,1,"Oracle-GMM",0.325510249803918,0.4,0.0744897501960818,0.0744897501960818,0.00554872288427467,0.807952977133416,TRUE,FALSE,0.4,TRUE,FALSE,FALSE,FALSE,1,FALSE,FALSE,86,0,"OK"
1,500,0.25,1,"Full-GMM",0.325510249803918,0.6,0.274489750196082,0.274489750196082,0.0753446229627074,0.284220781577879,TRUE,FALSE,0.7,TRUE,FALSE,FALSE,FALSE,1,FALSE,FALSE,86,0,"OK"
1,500,0.25,1,"DML-IVQR",0.325510249803918,0.3,-0.0255102498039183,0.0255102498039183,0.000650772845058311,0.595106897395487,TRUE,FALSE,0.45,TRUE,FALSE,FALSE,FALSE,1,FALSE,FALSE,86,0,"OK"
1,500,0.25,0.5,"Oracle-GMM",0.325510249803918,0.4,0.0744897501960818,0.0744897501960818,0.00554872288427467,0.364144936363428,TRUE,FALSE,1.05,TRUE,FALSE,FALSE,FALSE,1,FALSE,FALSE,86,0,"OK"
1,500,0.25,0.5,"Full-GMM",0.325510249803918,0.3,-0.0255102498039183,0.0255102498039183,0.000650772845058311,0.564491468080637,TRUE,FALSE,0.9,TRUE,FALSE,FALSE,FALSE,3,FALSE,FALSE,86,0,"OK"
1,500,0.25,0.5,"DML-IVQR",0.325510249803918,0.3,-0.0255102498039183,0.0255102498039183,0.000650772845058311,0.0238431976507153,TRUE,FALSE,1.15,TRUE,FALSE,FALSE,FALSE,4,FALSE,FALSE,86,0,"OK"
1,500,0.25,0.25,"Oracle-GMM",0.325510249803918,0.4,0.0744897501960818,0.0744897501960818,0.00554872288427467,0.242838734499669,TRUE,FALSE,3.525,TRUE,FALSE,FALSE,TRUE,1,FALSE,FALSE,86,0,"OK"
1,500,0.25,0.25,"Full-GMM",0.325510249803918,0.2,-0.125510249803918,0.125510249803918,0.0157528228058419,0.589970357960151,TRUE,FALSE,2.9,TRUE,FALSE,FALSE,FALSE,9,FALSE,FALSE,86,0,"OK"
1,500,0.25,0.25,"DML-IVQR",0.325510249803918,0.5,0.174489750196082,0.174489750196082,0.030446672923491,1.20985084475547,TRUE,FALSE,3.425,TRUE,FALSE,FALSE,TRUE,2,FALSE,FALSE,86,0,"OK"
1,500,0.25,0.1,"Oracle-GMM",0.325510249803918,1.6,1.27448975019608,1.27448975019608,1.62432412335487,0.184723106052378,TRUE,FALSE,4,TRUE,TRUE,TRUE,TRUE,1,FALSE,FALSE,86,0,"OK"
1,500,0.25,0.1,"Full-GMM",0.325510249803918,1.6,1.27448975019608,1.27448975019608,1.62432412335487,1.16927134406661,TRUE,FALSE,3.95,TRUE,FALSE,TRUE,TRUE,2,FALSE,FALSE,86,0,"OK"
1,500,0.25,0.1,"DML-IVQR",0.325510249803918,2.5,2.17448975019608,2.17448975019608,4.72840567370782,1.05857032863939,TRUE,FALSE,3.95,TRUE,FALSE,TRUE,TRUE,2,FALSE,FALSE,86,0,"OK"
1,500,0.5,1,"Oracle-GMM",1,1,0,0,0,0.422045130179853,TRUE,FALSE,0.4,TRUE,FALSE,FALSE,FALSE,1,FALSE,FALSE,81,0,"OK"
1,500,0.5,1,"Full-GMM",1,1,0,0,0,0.949005100665558,TRUE,FALSE,0.7,TRUE,FALSE,FALSE,FALSE,2,FALSE,FALSE,81,0,"OK"
1,500,0.5,1,"DML-IVQR",1,1,0,0,0,0.267235051926292,TRUE,FALSE,0.45,TRUE,FALSE,FALSE,FALSE,1,FALSE,FALSE,81,0,"OK"
1,500,0.5,0.5,"Oracle-GMM",1,1.2,0.2,0.2,0.0400000000000001,0.700306751352646,TRUE,FALSE,0.9,TRUE,FALSE,FALSE,FALSE,3,FALSE,FALSE,81,0,"OK"
1,500,0.5,0.5,"Full-GMM",1,1,0,0,0,1.31613229995047,TRUE,FALSE,1.25,TRUE,FALSE,FALSE,FALSE,4,FALSE,FALSE,81,0,"OK"
1,500,0.5,0.5,"DML-IVQR",1,1.2,0.2,0.2,0.0400000000000001,1.3154624583653,TRUE,FALSE,1.35,TRUE,FALSE,FALSE,FALSE,3,FALSE,FALSE,81,0,"OK"
1,500,0.5,0.25,"Oracle-GMM",1,1,0,0,0,0.525247971548801,TRUE,FALSE,3.725,TRUE,FALSE,TRUE,FALSE,3,FALSE,FALSE,81,0,"OK"
1,500,0.5,0.25,"Full-GMM",1,0.5,-0.5,0.5,0.25,1.16924915149645,TRUE,FALSE,2.65,TRUE,FALSE,FALSE,FALSE,6,FALSE,FALSE,81,0,"OK"
1,500,0.5,0.25,"DML-IVQR",1,1.2,0.2,0.2,0.0400000000000001,1.24725672972111,TRUE,FALSE,3.975,TRUE,FALSE,FALSE,TRUE,1,FALSE,FALSE,81,0,"OK"
1,500,0.5,0.1,"Oracle-GMM",1,1.2,0.2,0.2,0.0400000000000001,0.489049794492844,TRUE,FALSE,4,TRUE,TRUE,TRUE,TRUE,1,FALSE,FALSE,81,0,"OK"
1,500,0.5,0.1,"Full-GMM",1,0.6,-0.4,0.4,0.16,2.41555325112266,TRUE,FALSE,3.625,TRUE,FALSE,TRUE,FALSE,3,FALSE,FALSE,81,0,"OK"
1,500,0.5,0.1,"DML-IVQR",1,1.3,0.3,0.3,0.0900000000000002,1.69723573285671,TRUE,FALSE,4,TRUE,TRUE,TRUE,TRUE,1,FALSE,FALSE,81,0,"OK"
1,500,0.75,1,"Oracle-GMM",1.67448975019608,1.8,0.125510249803919,0.125510249803919,0.0157528228058421,1.45159470986851,TRUE,FALSE,0.35,TRUE,FALSE,FALSE,FALSE,1,FALSE,FALSE,86,0,"OK"
1,500,0.75,1,"Full-GMM",1.67448975019608,1.4,-0.274489750196081,0.274489750196081,0.0753446229627071,3.38265915883561,TRUE,FALSE,0.8,TRUE,FALSE,FALSE,FALSE,4,FALSE,FALSE,86,0,"OK"
1,500,0.75,1,"DML-IVQR",1.67448975019608,1.7,0.0255102498039186,0.0255102498039186,0.000650772845058328,1.54261776663365,TRUE,FALSE,0.45,TRUE,FALSE,FALSE,FALSE,1,FALSE,FALSE,86,0,"OK"
1,500,0.75,0.5,"Oracle-GMM",1.67448975019608,1.9,0.225510249803919,0.225510249803919,0.0508548727666258,4.94284136917793,TRUE,FALSE,0.8,TRUE,FALSE,FALSE,FALSE,2,FALSE,FALSE,86,0,"OK"
1,500,0.75,0.5,"Full-GMM",1.67448975019608,1,-0.674489750196082,0.674489750196082,0.454936423119573,3.26173239700939,TRUE,FALSE,2.45,TRUE,FALSE,FALSE,FALSE,10,FALSE,FALSE,86,0,"OK"
1,500,0.75,0.5,"DML-IVQR",1.67448975019608,1.2,-0.474489750196081,0.474489750196081,0.22514052304114,6.23556264550606,FALSE,TRUE,1.05,TRUE,FALSE,FALSE,FALSE,2,FALSE,FALSE,86,0,"OK"
1,500,0.75,0.25,"Oracle-GMM",1.67448975019608,2,0.325510249803918,0.325510249803918,0.105956922727409,3.13540976463731,TRUE,FALSE,2.85,TRUE,FALSE,TRUE,TRUE,6,FALSE,FALSE,86,0,"OK"
1,500,0.75,0.25,"Full-GMM",1.67448975019608,1.2,-0.474489750196081,0.474489750196081,0.22514052304114,2.2302861081069,TRUE,FALSE,3.475,TRUE,FALSE,FALSE,TRUE,8,FALSE,FALSE,86,0,"OK"
1,500,0.75,0.25,"DML-IVQR",1.67448975019608,2,0.325510249803918,0.325510249803918,0.105956922727409,4.94540837039292,TRUE,FALSE,2.625,TRUE,FALSE,TRUE,FALSE,6,FALSE,FALSE,86,0,"OK"
1,500,0.75,0.1,"Oracle-GMM",1.67448975019608,2.5,0.825510249803918,0.825510249803918,0.681467172531328,2.46277056880484,TRUE,FALSE,3.95,TRUE,FALSE,TRUE,TRUE,2,FALSE,FALSE,86,0,"OK"
1,500,0.75,0.1,"Full-GMM",1.67448975019608,0,-1.67448975019608,1.67448975019608,2.80391592351174,1.34933243597123,TRUE,FALSE,3.7,TRUE,FALSE,TRUE,TRUE,7,FALSE,FALSE,86,0,"OK"
1,500,0.75,0.1,"DML-IVQR",1.67448975019608,2.3,0.625510249803919,0.625510249803919,0.391263072609761,4.75563044310531,TRUE,FALSE,3.35,TRUE,FALSE,TRUE,TRUE,5,FALSE,FALSE,86,0,"OK"
1,500,0.9,1,"Oracle-GMM",2.2815515655446,2.4,0.1184484344554,0.1184484344554,0.0140300316249351,0.0165790222178614,TRUE,FALSE,1.15,TRUE,FALSE,FALSE,FALSE,3,FALSE,FALSE,86,0,"OK"
1,500,0.9,1,"Full-GMM",2.2815515655446,0.5,-1.7815515655446,1.7815515655446,3.17392598069442,10.9852808484721,FALSE,TRUE,2.525,TRUE,FALSE,TRUE,FALSE,12,FALSE,FALSE,86,0,"OK"
1,500,0.9,1,"DML-IVQR",2.2815515655446,2.1,-0.181551565544601,0.181551565544601,0.0329609709516955,1.43713307412821,TRUE,FALSE,0.95,TRUE,FALSE,FALSE,FALSE,1,FALSE,FALSE,86,0,"OK"
1,500,0.9,0.5,"Oracle-GMM",2.2815515655446,2.4,0.1184484344554,0.1184484344554,0.0140300316249351,0.647184467254106,TRUE,FALSE,3.675,TRUE,FALSE,FALSE,TRUE,4,FALSE,FALSE,86,0,"OK"
1,500,0.9,0.5,"Full-GMM",2.2815515655446,1,-1.2815515655446,1.2815515655446,1.64237441514982,1.73441739084531,TRUE,FALSE,3.425,TRUE,FALSE,TRUE,FALSE,8,FALSE,FALSE,86,0,"OK"
1,500,0.9,0.5,"DML-IVQR",2.2815515655446,2,-0.281551565544601,0.281551565544601,0.0792712840606156,3.55425938482541,TRUE,FALSE,1.35,TRUE,FALSE,FALSE,FALSE,3,FALSE,FALSE,86,0,"OK"
1,500,0.9,0.25,"Oracle-GMM",2.2815515655446,2.1,-0.181551565544601,0.181551565544601,0.0329609709516955,0.310378353836934,TRUE,FALSE,4,TRUE,TRUE,TRUE,TRUE,1,FALSE,FALSE,86,0,"OK"
1,500,0.9,0.25,"Full-GMM",2.2815515655446,0.5,-1.7815515655446,1.7815515655446,3.17392598069442,0.454623900803876,TRUE,FALSE,3.575,TRUE,FALSE,TRUE,FALSE,7,FALSE,FALSE,86,0,"OK"
1,500,0.9,0.25,"DML-IVQR",2.2815515655446,1.6,-0.681551565544601,0.681551565544601,0.464512536496296,2.5893420618587,TRUE,FALSE,2.125,TRUE,FALSE,FALSE,TRUE,4,FALSE,FALSE,86,0,"OK"
1,500,0.9,0.1,"Oracle-GMM",2.2815515655446,2,-0.281551565544601,0.281551565544601,0.0792712840606156,0.246205203975592,TRUE,FALSE,4,TRUE,TRUE,TRUE,TRUE,1,FALSE,FALSE,86,0,"OK"
1,500,0.9,0.1,"Full-GMM",2.2815515655446,1.9,-0.3815515655446,0.3815515655446,0.145581597169536,3.79959451870271,TRUE,FALSE,3.85,TRUE,FALSE,TRUE,TRUE,4,FALSE,FALSE,86,0,"OK"
1,500,0.9,0.1,"DML-IVQR",2.2815515655446,2.7,0.418448434455399,0.418448434455399,0.175099092298175,1.95134912686126,TRUE,FALSE,2.85,TRUE,FALSE,TRUE,TRUE,8,FALSE,FALSE,86,0,"OK"
1,1000,0.1,1,"Oracle-GMM",-0.281551565544601,-0.3,-0.0184484344553991,0.0184484344553991,0.000340344733855157,1.49689246108892,TRUE,FALSE,0.5,TRUE,FALSE,FALSE,FALSE,2,FALSE,FALSE,86,0,"OK"
1,1000,0.1,1,"Full-GMM",-0.281551565544601,0.2,0.481551565544601,0.481551565544601,0.231891910278456,5.496102419274,TRUE,FALSE,0.75,TRUE,FALSE,FALSE,FALSE,5,FALSE,FALSE,86,0,"OK"
1,1000,0.1,1,"DML-IVQR",-0.281551565544601,-0.4,-0.118448434455399,0.118448434455399,0.014030031624935,0.922588608346925,TRUE,FALSE,0.65,TRUE,FALSE,FALSE,FALSE,1,FALSE,FALSE,86,0,"OK"
1,1000,0.1,0.5,"Oracle-GMM",-0.281551565544601,-0.2,0.0815515655446009,0.0815515655446009,0.00665065784277533,0.70281733871068,TRUE,FALSE,1.45,TRUE,FALSE,FALSE,FALSE,5,FALSE,FALSE,86,0,"OK"
1,1000,0.1,0.5,"Full-GMM",-0.281551565544601,0.3,0.581551565544601,0.581551565544601,0.338202223387376,3.63956180176423,TRUE,FALSE,1.6,TRUE,FALSE,FALSE,FALSE,6,FALSE,FALSE,86,0,"OK"
1,1000,0.1,0.5,"DML-IVQR",-0.281551565544601,0.2,0.481551565544601,0.481551565544601,0.231891910278456,0.894429312200379,TRUE,FALSE,3,TRUE,FALSE,FALSE,FALSE,4,FALSE,FALSE,86,0,"OK"
1,1000,0.1,0.25,"Oracle-GMM",-0.281551565544601,-0.4,-0.118448434455399,0.118448434455399,0.014030031624935,0.233946180856738,TRUE,FALSE,3.725,TRUE,FALSE,FALSE,TRUE,2,FALSE,FALSE,86,0,"OK"
1,1000,0.1,0.25,"Full-GMM",-0.281551565544601,-0.1,0.181551565544601,0.181551565544601,0.0329609709516955,0.389059468619238,TRUE,FALSE,3.575,TRUE,FALSE,TRUE,FALSE,6,FALSE,FALSE,86,0,"OK"
1,1000,0.1,0.25,"DML-IVQR",-0.281551565544601,0.2,0.481551565544601,0.481551565544601,0.231891910278456,1.33846879108243,TRUE,FALSE,3.775,TRUE,FALSE,FALSE,TRUE,2,FALSE,FALSE,86,0,"OK"
1,1000,0.1,0.1,"Oracle-GMM",-0.281551565544601,-0.4,-0.118448434455399,0.118448434455399,0.014030031624935,0.448708003926494,TRUE,FALSE,4,TRUE,TRUE,TRUE,TRUE,1,FALSE,FALSE,86,0,"OK"
1,1000,0.1,0.1,"Full-GMM",-0.281551565544601,0.1,0.381551565544601,0.381551565544601,0.145581597169536,1.38845239331079,TRUE,FALSE,3.95,TRUE,FALSE,TRUE,TRUE,2,FALSE,FALSE,86,0,"OK"
1,1000,0.1,0.1,"DML-IVQR",-0.281551565544601,-0.2,0.0815515655446009,0.0815515655446009,0.00665065784277533,0.487395783694173,TRUE,FALSE,4,TRUE,TRUE,TRUE,TRUE,1,FALSE,FALSE,86,0,"OK"
1,1000,0.25,1,"Oracle-GMM",0.325510249803918,0.3,-0.0255102498039183,0.0255102498039183,0.000650772845058311,0.203964393143034,TRUE,FALSE,0.3,TRUE,FALSE,FALSE,FALSE,1,FALSE,FALSE,86,0,"OK"
1,1000,0.25,1,"Full-GMM",0.325510249803918,0.4,0.0744897501960818,0.0744897501960818,0.00554872288427467,4.30049583017141,TRUE,FALSE,0.4,TRUE,FALSE,FALSE,FALSE,1,FALSE,FALSE,86,0,"OK"
1,1000,0.25,1,"DML-IVQR",0.325510249803918,0.3,-0.0255102498039183,0.0255102498039183,0.000650772845058311,0.993081636927135,TRUE,FALSE,0.3,TRUE,FALSE,FALSE,FALSE,1,FALSE,FALSE,86,0,"OK"
1,1000,0.25,0.5,"Oracle-GMM",0.325510249803918,0.4,0.0744897501960818,0.0744897501960818,0.00554872288427467,0.708319942660663,TRUE,FALSE,0.5,TRUE,FALSE,FALSE,FALSE,1,FALSE,FALSE,86,0,"OK"
1,1000,0.25,0.5,"Full-GMM",0.325510249803918,0.4,0.0744897501960818,0.0744897501960818,0.00554872288427467,3.15639257456547,TRUE,FALSE,0.5,TRUE,FALSE,FALSE,FALSE,2,FALSE,FALSE,86,0,"OK"
1,1000,0.25,0.5,"DML-IVQR",0.325510249803918,0.2,-0.125510249803918,0.125510249803918,0.0157528228058419,1.28803000489999,TRUE,FALSE,0.85,TRUE,FALSE,FALSE,FALSE,1,FALSE,FALSE,86,0,"OK"
1,1000,0.25,0.25,"Oracle-GMM",0.325510249803918,0.4,0.0744897501960818,0.0744897501960818,0.00554872288427467,0.420034709369803,TRUE,FALSE,1.975,TRUE,FALSE,TRUE,FALSE,5,FALSE,FALSE,86,0,"OK"
1,1000,0.25,0.25,"Full-GMM",0.325510249803918,1,0.674489750196082,0.674489750196082,0.454936423119573,1.37925060460745,TRUE,FALSE,3.4,TRUE,FALSE,TRUE,TRUE,7,FALSE,FALSE,86,0,"OK"
1,1000,0.25,0.25,"DML-IVQR",0.325510249803918,0.3,-0.0255102498039183,0.0255102498039183,0.000650772845058311,1.23292473633091,TRUE,FALSE,2.825,TRUE,FALSE,FALSE,TRUE,7,FALSE,FALSE,86,0,"OK"
1,1000,0.25,0.1,"Oracle-GMM",0.325510249803918,-0.2,-0.525510249803918,0.525510249803918,0.276161022648977,0.468179256744692,TRUE,FALSE,4,TRUE,TRUE,TRUE,TRUE,1,FALSE,FALSE,86,0,"OK"
1,1000,0.25,0.1,"Full-GMM",0.325510249803918,-0.7,-1.02551024980392,1.02551024980392,1.05167127245289,4.29705742959532,TRUE,FALSE,3.9,TRUE,FALSE,TRUE,TRUE,3,FALSE,FALSE,86,0,"OK"
1,1000,0.25,0.1,"DML-IVQR",0.325510249803918,0.7,0.374489750196082,0.374489750196082,0.140242573001924,0.80779928296824,TRUE,FALSE,4,TRUE,TRUE,TRUE,TRUE,1,FALSE,FALSE,86,0,"OK"
1,1000,0.5,1,"Oracle-GMM",1,1,0,0,0,1.37766165125754,TRUE,FALSE,0.2,TRUE,FALSE,FALSE,FALSE,1,FALSE,FALSE,81,0,"OK"
1,1000,0.5,1,"Full-GMM",1,0.9,-0.0999999999999999,0.0999999999999999,0.00999999999999997,1.41420874462257,TRUE,FALSE,0.35,TRUE,FALSE,FALSE,FALSE,1,FALSE,FALSE,81,0,"OK"
1,1000,0.5,1,"DML-IVQR",1,0.9,-0.0999999999999999,0.0999999999999999,0.00999999999999997,4.53344212639024,TRUE,FALSE,0.25,TRUE,FALSE,FALSE,FALSE,1,FALSE,FALSE,81,0,"OK"
1,1000,0.5,0.5,"Oracle-GMM",1,0.8,-0.2,0.2,0.04,4.61243864388553,TRUE,FALSE,0.6,TRUE,FALSE,FALSE,FALSE,1,FALSE,FALSE,81,0,"OK"
1,1000,0.5,0.5,"Full-GMM",1,0.6,-0.4,0.4,0.16,6.5319384463615,FALSE,TRUE,0.75,TRUE,FALSE,FALSE,FALSE,4,FALSE,FALSE,81,0,"OK"
1,1000,0.5,0.5,"DML-IVQR",1,0.8,-0.2,0.2,0.04,4.1638676578074,TRUE,FALSE,0.75,TRUE,FALSE,FALSE,FALSE,1,FALSE,FALSE,81,0,"OK"
1,1000,0.5,0.25,"Oracle-GMM",1,0.5,-0.5,0.5,0.25,4.60983913937438,TRUE,FALSE,3.25,TRUE,FALSE,TRUE,TRUE,6,FALSE,FALSE,81,0,"OK"
1,1000,0.5,0.25,"Full-GMM",1,0.5,-0.5,0.5,0.25,8.7946798541067,FALSE,TRUE,3.7,TRUE,FALSE,TRUE,TRUE,5,FALSE,FALSE,81,0,"OK"
1,1000,0.5,0.25,"DML-IVQR",1,0.5,-0.5,0.5,0.25,5.69186882136841,TRUE,FALSE,2.675,TRUE,FALSE,FALSE,TRUE,4,FALSE,FALSE,81,0,"OK"
1,1000,0.5,0.1,"Oracle-GMM",1,-0.8,-1.8,1.8,3.24,5.31133965283629,TRUE,FALSE,3.95,TRUE,FALSE,TRUE,TRUE,2,FALSE,FALSE,81,0,"OK"
1,1000,0.5,0.1,"Full-GMM",1,1.7,0.7,0.7,0.49,5.00598914580414,TRUE,FALSE,3.95,TRUE,FALSE,TRUE,TRUE,2,FALSE,FALSE,81,0,"OK"
1,1000,0.5,0.1,"DML-IVQR",1,1.6,0.6,0.6,0.36,6.85422750575123,FALSE,TRUE,3.85,TRUE,FALSE,TRUE,TRUE,3,FALSE,FALSE,81,0,"OK"
1,1000,0.75,1,"Oracle-GMM",1.67448975019608,1.6,-0.0744897501960815,0.0744897501960815,0.00554872288427462,1.59116216111769,TRUE,FALSE,0.4,TRUE,FALSE,FALSE,FALSE,2,FALSE,FALSE,86,0,"OK"
1,1000,0.75,1,"Full-GMM",1.67448975019608,1.3,-0.374489750196081,0.374489750196081,0.140242573001923,1.29336004240298,TRUE,FALSE,0.7,TRUE,FALSE,FALSE,FALSE,2,FALSE,FALSE,86,0,"OK"
1,1000,0.75,1,"DML-IVQR",1.67448975019608,1.5,-0.174489750196082,0.174489750196082,0.030446672923491,2.01442711487676,TRUE,FALSE,0.45,TRUE,FALSE,FALSE,FALSE,1,FALSE,FALSE,86,0,"OK"
1,1000,0.75,0.5,"Oracle-GMM",1.67448975019608,1.6,-0.0744897501960815,0.0744897501960815,0.00554872288427462,0.517186575414291,TRUE,FALSE,1.25,TRUE,FALSE,FALSE,FALSE,2,FALSE,FALSE,86,0,"OK"
1,1000,0.75,0.5,"Full-GMM",1.67448975019608,1.5,-0.174489750196082,0.174489750196082,0.030446672923491,1.73099313471066,TRUE,FALSE,1.7,TRUE,FALSE,FALSE,FALSE,3,FALSE,FALSE,86,0,"OK"
1,1000,0.75,0.5,"DML-IVQR",1.67448975019608,1.5,-0.174489750196082,0.174489750196082,0.030446672923491,0.654807651378753,TRUE,FALSE,1.4,TRUE,FALSE,FALSE,FALSE,2,FALSE,FALSE,86,0,"OK"
1,1000,0.75,0.25,"Oracle-GMM",1.67448975019608,1.6,-0.0744897501960815,0.0744897501960815,0.00554872288427462,1.03217096673115,TRUE,FALSE,2.975,TRUE,FALSE,TRUE,FALSE,2,FALSE,FALSE,86,0,"OK"
1,1000,0.75,0.25,"Full-GMM",1.67448975019608,0.9,-0.774489750196081,0.774489750196081,0.599834373158789,0.22803625352215,TRUE,FALSE,3.025,TRUE,FALSE,TRUE,FALSE,4,FALSE,FALSE,86,0,"OK"
1,1000,0.75,0.25,"DML-IVQR",1.67448975019608,1.2,-0.474489750196081,0.474489750196081,0.22514052304114,0.381082145426988,TRUE,FALSE,3.175,TRUE,FALSE,TRUE,FALSE,3,FALSE,FALSE,86,0,"OK"
1,1000,0.75,0.1,"Oracle-GMM",1.67448975019608,0.5,-1.17448975019608,1.17448975019608,1.37942617331565,0.284622775406369,TRUE,FALSE,4,TRUE,TRUE,TRUE,TRUE,1,FALSE,FALSE,86,0,"OK"
1,1000,0.75,0.1,"Full-GMM",1.67448975019608,1.4,-0.274489750196081,0.274489750196081,0.0753446229627071,0.561355652990193,TRUE,FALSE,4,TRUE,TRUE,TRUE,TRUE,1,FALSE,FALSE,86,0,"OK"
1,1000,0.75,0.1,"DML-IVQR",1.67448975019608,0.8,-0.874489750196082,0.874489750196082,0.764732323198005,0.103568693714634,TRUE,FALSE,4,TRUE,TRUE,TRUE,TRUE,1,FALSE,FALSE,86,0,"OK"
1,1000,0.9,1,"Oracle-GMM",2.2815515655446,2.1,-0.181551565544601,0.181551565544601,0.0329609709516955,2.98346357056007,TRUE,FALSE,0.75,TRUE,FALSE,FALSE,FALSE,2,FALSE,FALSE,86,0,"OK"
1,1000,0.9,1,"Full-GMM",2.2815515655446,1.7,-0.581551565544601,0.581551565544601,0.338202223387376,12.4915154782129,FALSE,TRUE,1.3,TRUE,FALSE,FALSE,FALSE,3,FALSE,FALSE,86,0,"OK"
1,1000,0.9,1,"DML-IVQR",2.2815515655446,2,-0.281551565544601,0.281551565544601,0.0792712840606156,7.85020862206465,FALSE,TRUE,0.4,TRUE,FALSE,FALSE,FALSE,1,FALSE,FALSE,86,0,"OK"
1,1000,0.9,0.5,"Oracle-GMM",2.2815515655446,1.8,-0.481551565544601,0.481551565544601,0.231891910278456,2.27879663768369,TRUE,FALSE,3.25,TRUE,FALSE,FALSE,FALSE,1,FALSE,FALSE,86,0,"OK"
1,1000,0.9,0.5,"Full-GMM",2.2815515655446,-0.9,-3.1815515655446,3.1815515655446,10.1222703642193,8.27109103095028,FALSE,TRUE,3.375,TRUE,FALSE,TRUE,FALSE,5,FALSE,FALSE,86,0,"OK"
1,1000,0.9,0.5,"DML-IVQR",2.2815515655446,2,-0.281551565544601,0.281551565544601,0.0792712840606156,3.56465291016293,TRUE,FALSE,3.35,TRUE,FALSE,FALSE,FALSE,1,FALSE,FALSE,86,0,"OK"
1,1000,0.9,0.25,"Oracle-GMM",2.2815515655446,0.6,-1.6815515655446,1.6815515655446,2.8276156675855,3.41094690970133,TRUE,FALSE,3.425,TRUE,FALSE,TRUE,FALSE,1,FALSE,FALSE,86,0,"OK"
1,1000,0.9,0.25,"Full-GMM",2.2815515655446,0.9,-1.3815515655446,1.3815515655446,1.90868472825874,4.79015821172764,TRUE,FALSE,3.55,TRUE,FALSE,TRUE,TRUE,7,FALSE,FALSE,86,0,"OK"
1,1000,0.9,0.25,"DML-IVQR",2.2815515655446,1.1,-1.1815515655446,1.1815515655446,1.3960641020409,4.88201778895128,TRUE,FALSE,3.375,TRUE,FALSE,TRUE,FALSE,1,FALSE,FALSE,86,0,"OK"
1,1000,0.9,0.1,"Oracle-GMM",2.2815515655446,1.2,-1.0815515655446,1.0815515655446,1.16975378893198,2.85281383534965,TRUE,FALSE,3.95,TRUE,FALSE,TRUE,TRUE,2,FALSE,FALSE,86,0,"OK"
1,1000,0.9,0.1,"Full-GMM",2.2815515655446,0.7,-1.5815515655446,1.5815515655446,2.50130535447658,2.16458250358365,TRUE,FALSE,3.85,TRUE,FALSE,TRUE,TRUE,3,FALSE,FALSE,86,0,"OK"
1,1000,0.9,0.1,"DML-IVQR",2.2815515655446,0.4,-1.8815515655446,1.8815515655446,3.54023629380334,0.964359890540874,TRUE,FALSE,3.95,TRUE,FALSE,TRUE,TRUE,2,FALSE,FALSE,86,0,"OK"
2,500,0.1,1,"Oracle-GMM",-0.281551565544601,0,0.281551565544601,0.281551565544601,0.0792712840606156,2.62209585003826,TRUE,FALSE,0.7,TRUE,FALSE,FALSE,FALSE,1,FALSE,FALSE,86,0,"OK"
2,500,0.1,1,"Full-GMM",-0.281551565544601,-0.1,0.181551565544601,0.181551565544601,0.0329609709516955,5.51303063974396,TRUE,FALSE,2.2,TRUE,FALSE,FALSE,FALSE,6,FALSE,FALSE,86,0,"OK"
2,500,0.1,1,"DML-IVQR",-0.281551565544601,-0.1,0.181551565544601,0.181551565544601,0.0329609709516955,0.405230389206819,TRUE,FALSE,2.5,TRUE,FALSE,FALSE,FALSE,3,FALSE,FALSE,86,0,"OK"
2,500,0.1,0.5,"Oracle-GMM",-0.281551565544601,0.1,0.381551565544601,0.381551565544601,0.145581597169536,2.61881477994739,TRUE,FALSE,1.4,TRUE,FALSE,FALSE,FALSE,2,FALSE,FALSE,86,0,"OK"
2,500,0.1,0.5,"Full-GMM",-0.281551565544601,0.1,0.381551565544601,0.381551565544601,0.145581597169536,5.00965071904642,TRUE,FALSE,2.225,TRUE,FALSE,FALSE,TRUE,16,FALSE,FALSE,86,0,"OK"
2,500,0.1,0.5,"DML-IVQR",-0.281551565544601,0.1,0.381551565544601,0.381551565544601,0.145581597169536,1.06558735023081,TRUE,FALSE,2.1,TRUE,FALSE,FALSE,FALSE,5,FALSE,FALSE,86,0,"OK"
2,500,0.1,0.25,"Oracle-GMM",-0.281551565544601,0.1,0.381551565544601,0.381551565544601,0.145581597169536,3.33105349425764,TRUE,FALSE,1.8,TRUE,FALSE,FALSE,FALSE,4,FALSE,FALSE,86,0,"OK"
2,500,0.1,0.25,"Full-GMM",-0.281551565544601,1.6,1.8815515655446,1.8815515655446,3.54023629380334,4.87462518083817,TRUE,FALSE,2.6,TRUE,FALSE,TRUE,TRUE,15,FALSE,FALSE,86,0,"OK"
2,500,0.1,0.25,"DML-IVQR",-0.281551565544601,0.7,0.981551565544601,0.981551565544601,0.963443475823057,1.13333158118577,TRUE,FALSE,3.175,TRUE,FALSE,FALSE,TRUE,8,FALSE,FALSE,86,0,"OK"
2,500,0.1,0.1,"Oracle-GMM",-0.281551565544601,0.2,0.481551565544601,0.481551565544601,0.231891910278456,1.90502941986135,TRUE,FALSE,2.8,TRUE,FALSE,TRUE,TRUE,5,FALSE,FALSE,86,0,"OK"
2,500,0.1,0.1,"Full-GMM",-0.281551565544601,-0.2,0.0815515655446009,0.0815515655446009,0.00665065784277533,0.63985541298164,TRUE,FALSE,3.025,TRUE,FALSE,TRUE,FALSE,12,FALSE,FALSE,86,0,"OK"
2,500,0.1,0.1,"DML-IVQR",-0.281551565544601,-0.7,-0.418448434455399,0.418448434455399,0.175099092298174,2.9819449685959,TRUE,FALSE,3.875,TRUE,FALSE,FALSE,TRUE,2,FALSE,FALSE,86,0,"OK"
2,500,0.25,1,"Oracle-GMM",0.325510249803918,0.5,0.174489750196082,0.174489750196082,0.030446672923491,4.78305807424945,TRUE,FALSE,0.4,TRUE,FALSE,FALSE,FALSE,1,FALSE,FALSE,86,0,"OK"
2,500,0.25,1,"Full-GMM",0.325510249803918,0.8,0.474489750196082,0.474489750196082,0.22514052304114,9.98708979275346,FALSE,TRUE,0.65,TRUE,FALSE,FALSE,FALSE,4,FALSE,FALSE,86,0,"OK"
2,500,0.25,1,"DML-IVQR",0.325510249803918,0.4,0.0744897501960818,0.0744897501960818,0.00554872288427467,1.16740871452597,TRUE,FALSE,0.6,TRUE,FALSE,FALSE,FALSE,1,FALSE,FALSE,86,0,"OK"
2,500,0.25,0.5,"Oracle-GMM",0.325510249803918,0.6,0.274489750196082,0.274489750196082,0.0753446229627074,2.30788505470555,TRUE,FALSE,0.85,TRUE,FALSE,FALSE,FALSE,1,FALSE,FALSE,86,0,"OK"
2,500,0.25,0.5,"Full-GMM",0.325510249803918,0.7,0.374489750196082,0.374489750196082,0.140242573001924,2.45437306258571,TRUE,FALSE,1.5,TRUE,FALSE,FALSE,FALSE,5,FALSE,FALSE,86,0,"OK"
2,500,0.25,0.5,"DML-IVQR",0.325510249803918,0.8,0.474489750196082,0.474489750196082,0.22514052304114,6.47805834402732,FALSE,TRUE,1,TRUE,FALSE,FALSE,FALSE,4,FALSE,FALSE,86,0,"OK"
2,500,0.25,0.25,"Oracle-GMM",0.325510249803918,0.8,0.474489750196082,0.474489750196082,0.22514052304114,2.21317281032851,TRUE,FALSE,2.45,TRUE,FALSE,FALSE,FALSE,7,FALSE,FALSE,86,0,"OK"
2,500,0.25,0.25,"Full-GMM",0.325510249803918,-0.3,-0.625510249803918,0.625510249803918,0.39126307260976,4.72100639929126,TRUE,FALSE,2.35,TRUE,FALSE,TRUE,TRUE,16,FALSE,FALSE,86,0,"OK"
2,500,0.25,0.25,"DML-IVQR",0.325510249803918,0.7,0.374489750196082,0.374489750196082,0.140242573001924,4.68197950670279,TRUE,FALSE,2.975,TRUE,FALSE,FALSE,TRUE,3,FALSE,FALSE,86,0,"OK"
2,500,0.25,0.1,"Oracle-GMM",0.325510249803918,0.7,0.374489750196082,0.374489750196082,0.140242573001924,1.57051797214215,TRUE,FALSE,3.6,TRUE,FALSE,TRUE,TRUE,8,FALSE,FALSE,86,0,"OK"
2,500,0.25,0.1,"Full-GMM",0.325510249803918,0.4,0.0744897501960818,0.0744897501960818,0.00554872288427467,1.30404270014413,TRUE,FALSE,3.825,TRUE,FALSE,FALSE,TRUE,4,FALSE,FALSE,86,0,"OK"
2,500,0.25,0.1,"DML-IVQR",0.325510249803918,1.4,1.07448975019608,1.07448975019608,1.15452822327644,5.58630267495645,TRUE,FALSE,3.6,TRUE,FALSE,TRUE,TRUE,5,FALSE,FALSE,86,0,"OK"
2,500,0.5,1,"Oracle-GMM",1,1,0,0,0,0.72419758247728,TRUE,FALSE,0.45,TRUE,FALSE,FALSE,FALSE,1,FALSE,FALSE,81,0,"OK"
2,500,0.5,1,"Full-GMM",1,1,0,0,0,0.0809813094551227,TRUE,FALSE,0.9,TRUE,FALSE,FALSE,FALSE,2,FALSE,FALSE,81,0,"OK"
2,500,0.5,1,"DML-IVQR",1,0.9,-0.0999999999999999,0.0999999999999999,0.00999999999999997,0.254879318892843,TRUE,FALSE,0.75,TRUE,FALSE,FALSE,FALSE,1,FALSE,FALSE,81,0,"OK"
2,500,0.5,0.5,"Oracle-GMM",1,1.1,0.1,0.1,0.01,0.325936080433838,TRUE,FALSE,0.85,TRUE,FALSE,FALSE,FALSE,1,FALSE,FALSE,81,0,"OK"
2,500,0.5,0.5,"Full-GMM",1,1.2,0.2,0.2,0.0400000000000001,5.69398133833036,TRUE,FALSE,0.85,TRUE,FALSE,FALSE,FALSE,6,FALSE,FALSE,81,0,"OK"
2,500,0.5,0.5,"DML-IVQR",1,1,0,0,0,0.458779196875616,TRUE,FALSE,1.25,TRUE,FALSE,FALSE,FALSE,1,FALSE,FALSE,81,0,"OK"
2,500,0.5,0.25,"Oracle-GMM",1,1.3,0.3,0.3,0.0900000000000002,1.27096002521409,TRUE,FALSE,2.125,TRUE,FALSE,FALSE,TRUE,5,FALSE,FALSE,81,0,"OK"
2,500,0.5,0.25,"Full-GMM",1,1.4,0.4,0.4,0.16,3.50775891729878,TRUE,FALSE,1.75,TRUE,FALSE,FALSE,FALSE,10,FALSE,FALSE,81,0,"OK"
2,500,0.5,0.25,"DML-IVQR",1,0.8,-0.2,0.2,0.04,0.7085025208865,TRUE,FALSE,2.475,TRUE,FALSE,FALSE,TRUE,2,FALSE,FALSE,81,0,"OK"
2,500,0.5,0.1,"Oracle-GMM",1,1.3,0.3,0.3,0.0900000000000002,1.08890122543128,TRUE,FALSE,4,TRUE,TRUE,TRUE,TRUE,1,FALSE,FALSE,81,0,"OK"
2,500,0.5,0.1,"Full-GMM",1,0.5,-0.5,0.5,0.25,6.08377843789594,FALSE,TRUE,3.175,TRUE,FALSE,FALSE,TRUE,10,FALSE,FALSE,81,0,"OK"
2,500,0.5,0.1,"DML-IVQR",1,2,1,1,1,0.616857506652639,TRUE,FALSE,2.775,TRUE,FALSE,FALSE,TRUE,3,FALSE,FALSE,81,0,"OK"
2,500,0.75,1,"Oracle-GMM",1.67448975019608,1.7,0.0255102498039186,0.0255102498039186,0.000650772845058328,0.934292608969349,TRUE,FALSE,0.35,TRUE,FALSE,FALSE,FALSE,1,FALSE,FALSE,86,0,"OK"
2,500,0.75,1,"Full-GMM",1.67448975019608,1.8,0.125510249803919,0.125510249803919,0.0157528228058421,0.81565702010128,TRUE,FALSE,0.9,TRUE,FALSE,FALSE,FALSE,4,FALSE,FALSE,86,0,"OK"
2,500,0.75,1,"DML-IVQR",1.67448975019608,1.6,-0.0744897501960815,0.0744897501960815,0.00554872288427462,0.538305925204938,TRUE,FALSE,0.55,TRUE,FALSE,FALSE,FALSE,1,FALSE,FALSE,86,0,"OK"
2,500,0.75,0.5,"Oracle-GMM",1.67448975019608,1.8,0.125510249803919,0.125510249803919,0.0157528228058421,1.23603760350645,TRUE,FALSE,1,TRUE,FALSE,FALSE,FALSE,2,FALSE,FALSE,86,0,"OK"
2,500,0.75,0.5,"Full-GMM",1.67448975019608,1.6,-0.0744897501960815,0.0744897501960815,0.00554872288427462,0.862154132039141,TRUE,FALSE,1.75,TRUE,FALSE,FALSE,FALSE,7,FALSE,FALSE,86,0,"OK"
2,500,0.75,0.5,"DML-IVQR",1.67448975019608,1.7,0.0255102498039186,0.0255102498039186,0.000650772845058328,1.17706537604884,TRUE,FALSE,0.85,TRUE,FALSE,FALSE,FALSE,2,FALSE,FALSE,86,0,"OK"
2,500,0.75,0.25,"Oracle-GMM",1.67448975019608,1.8,0.125510249803919,0.125510249803919,0.0157528228058421,1.89556742957844,TRUE,FALSE,2.65,TRUE,FALSE,FALSE,FALSE,5,FALSE,FALSE,86,0,"OK"
2,500,0.75,0.25,"Full-GMM",1.67448975019608,1.9,0.225510249803919,0.225510249803919,0.0508548727666258,0.819650670639718,TRUE,FALSE,2.675,TRUE,FALSE,TRUE,FALSE,12,FALSE,FALSE,86,0,"OK"
2,500,0.75,0.25,"DML-IVQR",1.67448975019608,1.8,0.125510249803919,0.125510249803919,0.0157528228058421,0.449269521168286,TRUE,FALSE,1.875,TRUE,FALSE,FALSE,TRUE,5,FALSE,FALSE,86,0,"OK"
2,500,0.75,0.1,"Oracle-GMM",1.67448975019608,2.3,0.625510249803919,0.625510249803919,0.391263072609761,0.188029607432025,TRUE,FALSE,3.95,TRUE,FALSE,TRUE,TRUE,2,FALSE,FALSE,86,0,"OK"
2,500,0.75,0.1,"Full-GMM",1.67448975019608,-0.2,-1.87448975019608,1.87448975019608,3.51371182359017,2.09799185441952,TRUE,FALSE,3.725,TRUE,FALSE,FALSE,TRUE,5,FALSE,FALSE,86,0,"OK"
2,500,0.75,0.1,"DML-IVQR",1.67448975019608,1.7,0.0255102498039186,0.0255102498039186,0.000650772845058328,0.0342037682959511,TRUE,FALSE,3.525,TRUE,FALSE,FALSE,TRUE,5,FALSE,FALSE,86,0,"OK"
2,500,0.9,1,"Oracle-GMM",2.2815515655446,2.4,0.1184484344554,0.1184484344554,0.0140300316249351,2.27213935439371,TRUE,FALSE,0.5,TRUE,FALSE,FALSE,FALSE,2,FALSE,FALSE,86,0,"OK"
2,500,0.9,1,"Full-GMM",2.2815515655446,2,-0.281551565544601,0.281551565544601,0.0792712840606156,2.90069010057839,TRUE,FALSE,1.525,TRUE,FALSE,FALSE,TRUE,9,FALSE,FALSE,86,0,"OK"
2,500,0.9,1,"DML-IVQR",2.2815515655446,2.2,-0.0815515655446006,0.0815515655446006,0.00665065784277529,2.64431479575375,TRUE,FALSE,0.5,TRUE,FALSE,FALSE,FALSE,1,FALSE,FALSE,86,0,"OK"
2,500,0.9,0.5,"Oracle-GMM",2.2815515655446,2.1,-0.181551565544601,0.181551565544601,0.0329609709516955,2.09946503038091,TRUE,FALSE,2.975,TRUE,FALSE,FALSE,TRUE,7,FALSE,FALSE,86,0,"OK"
2,500,0.9,0.5,"Full-GMM",2.2815515655446,1.8,-0.481551565544601,0.481551565544601,0.231891910278456,2.640098333436,TRUE,FALSE,2.875,TRUE,FALSE,FALSE,TRUE,15,FALSE,FALSE,86,0,"OK"
2,500,0.9,0.5,"DML-IVQR",2.2815515655446,2.3,0.0184484344553995,0.0184484344553995,0.00034034473385517,0.350675741538863,TRUE,FALSE,1.775,TRUE,FALSE,FALSE,TRUE,2,FALSE,FALSE,86,0,"OK"
2,500,0.9,0.25,"Oracle-GMM",2.2815515655446,2.5,0.218448434455399,0.218448434455399,0.0477197185160148,1.05084212569596,TRUE,FALSE,4,TRUE,TRUE,TRUE,TRUE,1,FALSE,FALSE,86,0,"OK"
2,500,0.9,0.25,"Full-GMM",2.2815515655446,2.1,-0.181551565544601,0.181551565544601,0.0329609709516955,1.29648072283259,TRUE,FALSE,3.575,TRUE,FALSE,FALSE,TRUE,7,FALSE,FALSE,86,0,"OK"
2,500,0.9,0.25,"DML-IVQR",2.2815515655446,2.5,0.218448434455399,0.218448434455399,0.0477197185160148,0.885331831890775,TRUE,FALSE,2.075,TRUE,FALSE,FALSE,TRUE,4,FALSE,FALSE,86,0,"OK"
2,500,0.9,0.1,"Oracle-GMM",2.2815515655446,2.9,0.6184484344554,0.6184484344554,0.382478466080335,2.61541904355971,TRUE,FALSE,4,TRUE,TRUE,TRUE,TRUE,1,FALSE,FALSE,86,0,"OK"
2,500,0.9,0.1,"Full-GMM",2.2815515655446,2.4,0.1184484344554,0.1184484344554,0.0140300316249351,0.734806943716406,TRUE,FALSE,3.9,TRUE,FALSE,TRUE,TRUE,3,FALSE,FALSE,86,0,"OK"
2,500,0.9,0.1,"DML-IVQR",2.2815515655446,2.8,0.518448434455399,0.518448434455399,0.268788779189255,1.91449820187776,TRUE,FALSE,3.7,TRUE,FALSE,TRUE,TRUE,4,FALSE,FALSE,86,0,"OK"
2,1000,0.1,1,"Oracle-GMM",-0.281551565544601,-0.3,-0.0184484344553991,0.0184484344553991,0.000340344733855157,1.96033151184858,TRUE,FALSE,0.4,TRUE,FALSE,FALSE,FALSE,1,FALSE,FALSE,86,0,"OK"
2,1000,0.1,1,"Full-GMM",-0.281551565544601,0.1,0.381551565544601,0.381551565544601,0.145581597169536,6.90380985321493,FALSE,TRUE,0.8,TRUE,FALSE,FALSE,FALSE,2,FALSE,FALSE,86,0,"OK"
2,1000,0.1,1,"DML-IVQR",-0.281551565544601,-0.3,-0.0184484344553991,0.0184484344553991,0.000340344733855157,0.740642044330583,TRUE,FALSE,0.85,TRUE,FALSE,FALSE,FALSE,1,FALSE,FALSE,86,0,"OK"
2,1000,0.1,0.5,"Oracle-GMM",-0.281551565544601,-0.2,0.0815515655446009,0.0815515655446009,0.00665065784277533,0.356802067384052,TRUE,FALSE,0.8,TRUE,FALSE,FALSE,FALSE,3,FALSE,FALSE,86,0,"OK"
2,1000,0.1,0.5,"Full-GMM",-0.281551565544601,0.1,0.381551565544601,0.381551565544601,0.145581597169536,2.46124141370201,TRUE,FALSE,1.75,TRUE,FALSE,FALSE,FALSE,6,FALSE,FALSE,86,0,"OK"
2,1000,0.1,0.5,"DML-IVQR",-0.281551565544601,-0.1,0.181551565544601,0.181551565544601,0.0329609709516955,0.365033042125237,TRUE,FALSE,2,TRUE,FALSE,FALSE,FALSE,3,FALSE,FALSE,86,0,"OK"
2,1000,0.1,0.25,"Oracle-GMM",-0.281551565544601,0,0.281551565544601,0.281551565544601,0.0792712840606156,0.673210921627826,TRUE,FALSE,1.85,TRUE,FALSE,FALSE,FALSE,5,FALSE,FALSE,86,0,"OK"
2,1000,0.1,0.25,"Full-GMM",-0.281551565544601,-0.1,0.181551565544601,0.181551565544601,0.0329609709516955,1.41460997346098,TRUE,FALSE,3.075,TRUE,FALSE,TRUE,FALSE,8,FALSE,FALSE,86,0,"OK"
2,1000,0.1,0.25,"DML-IVQR",-0.281551565544601,-0.1,0.181551565544601,0.181551565544601,0.0329609709516955,1.68672551845911,TRUE,FALSE,3.8,TRUE,FALSE,TRUE,TRUE,2,FALSE,FALSE,86,0,"OK"
2,1000,0.1,0.1,"Oracle-GMM",-0.281551565544601,0,0.281551565544601,0.281551565544601,0.0792712840606156,1.34064236881879,TRUE,FALSE,3.625,TRUE,FALSE,FALSE,TRUE,3,FALSE,FALSE,86,0,"OK"
2,1000,0.1,0.1,"Full-GMM",-0.281551565544601,1.5,1.7815515655446,1.7815515655446,3.17392598069442,3.75081696643443,TRUE,FALSE,3.95,TRUE,FALSE,TRUE,TRUE,2,FALSE,FALSE,86,0,"OK"
2,1000,0.1,0.1,"DML-IVQR",-0.281551565544601,-0.1,0.181551565544601,0.181551565544601,0.0329609709516955,2.38526564284392,TRUE,FALSE,4,TRUE,TRUE,TRUE,TRUE,1,FALSE,FALSE,86,0,"OK"
2,1000,0.25,1,"Oracle-GMM",0.325510249803918,0.3,-0.0255102498039183,0.0255102498039183,0.000650772845058311,3.04862679288137,TRUE,FALSE,0.3,TRUE,FALSE,FALSE,FALSE,1,FALSE,FALSE,86,0,"OK"
2,1000,0.25,1,"Full-GMM",0.325510249803918,0.5,0.174489750196082,0.174489750196082,0.030446672923491,1.55762463440121,TRUE,FALSE,0.5,TRUE,FALSE,FALSE,FALSE,2,FALSE,FALSE,86,0,"OK"
2,1000,0.25,1,"DML-IVQR",0.325510249803918,0.2,-0.125510249803918,0.125510249803918,0.0157528228058419,2.38025115900723,TRUE,FALSE,0.45,TRUE,FALSE,FALSE,FALSE,1,FALSE,FALSE,86,0,"OK"
2,1000,0.25,0.5,"Oracle-GMM",0.325510249803918,0.4,0.0744897501960818,0.0744897501960818,0.00554872288427467,4.75905085687922,TRUE,FALSE,0.4,TRUE,FALSE,FALSE,FALSE,2,FALSE,FALSE,86,0,"OK"
2,1000,0.25,0.5,"Full-GMM",0.325510249803918,0.7,0.374489750196082,0.374489750196082,0.140242573001924,1.52466656494905,TRUE,FALSE,0.75,TRUE,FALSE,FALSE,FALSE,4,FALSE,FALSE,86,0,"OK"
2,1000,0.25,0.5,"DML-IVQR",0.325510249803918,0.2,-0.125510249803918,0.125510249803918,0.0157528228058419,1.91083419920969,TRUE,FALSE,0.75,TRUE,FALSE,FALSE,FALSE,1,FALSE,FALSE,86,0,"OK"
2,1000,0.25,0.25,"Oracle-GMM",0.325510249803918,0.6,0.274489750196082,0.274489750196082,0.0753446229627074,3.40781038863571,TRUE,FALSE,0.95,TRUE,FALSE,FALSE,FALSE,2,FALSE,FALSE,86,0,"OK"
2,1000,0.25,0.25,"Full-GMM",0.325510249803918,0.4,0.0744897501960818,0.0744897501960818,0.00554872288427467,5.90460090210724,TRUE,FALSE,2.05,TRUE,FALSE,FALSE,FALSE,5,FALSE,FALSE,86,0,"OK"
2,1000,0.25,0.25,"DML-IVQR",0.325510249803918,0.6,0.274489750196082,0.274489750196082,0.0753446229627074,3.3932323760059,TRUE,FALSE,1.7,TRUE,FALSE,FALSE,FALSE,3,FALSE,FALSE,86,0,"OK"
2,1000,0.25,0.1,"Oracle-GMM",0.325510249803918,0.8,0.474489750196082,0.474489750196082,0.22514052304114,4.8601322740164,TRUE,FALSE,2.5,TRUE,FALSE,FALSE,FALSE,5,FALSE,FALSE,86,0,"OK"
2,1000,0.25,0.1,"Full-GMM",0.325510249803918,0,-0.325510249803918,0.325510249803918,0.105956922727409,3.79494158403822,TRUE,FALSE,3.525,TRUE,FALSE,TRUE,FALSE,7,FALSE,FALSE,86,0,"OK"
2,1000,0.25,0.1,"DML-IVQR",0.325510249803918,0.9,0.574489750196082,0.574489750196082,0.330038473080356,3.29591364168396,TRUE,FALSE,3.375,TRUE,FALSE,FALSE,TRUE,2,FALSE,FALSE,86,0,"OK"
2,1000,0.5,1,"Oracle-GMM",1,0.9,-0.0999999999999999,0.0999999999999999,0.00999999999999997,2.5946672307721,TRUE,FALSE,0.25,TRUE,FALSE,FALSE,FALSE,1,FALSE,FALSE,81,0,"OK"
2,1000,0.5,1,"Full-GMM",1,0.9,-0.0999999999999999,0.0999999999999999,0.00999999999999997,1.2947020612988,TRUE,FALSE,0.35,TRUE,FALSE,FALSE,FALSE,1,FALSE,FALSE,81,0,"OK"
2,1000,0.5,1,"DML-IVQR",1,0.8,-0.2,0.2,0.04,6.51436971249427,FALSE,TRUE,0.25,TRUE,FALSE,FALSE,FALSE,1,FALSE,FALSE,81,0,"OK"
2,1000,0.5,0.5,"Oracle-GMM",1,0.8,-0.2,0.2,0.04,1.30071942122593,TRUE,FALSE,0.4,TRUE,FALSE,FALSE,FALSE,1,FALSE,FALSE,81,0,"OK"
2,1000,0.5,0.5,"Full-GMM",1,1,0,0,0,0.148974908924575,TRUE,FALSE,0.65,TRUE,FALSE,FALSE,FALSE,2,FALSE,FALSE,81,0,"OK"
2,1000,0.5,0.5,"DML-IVQR",1,0.8,-0.2,0.2,0.04,5.11885719121973,TRUE,FALSE,0.4,TRUE,FALSE,FALSE,FALSE,1,FALSE,FALSE,81,0,"OK"
2,1000,0.5,0.25,"Oracle-GMM",1,0.7,-0.3,0.3,0.0899999999999999,2.79368000383306,TRUE,FALSE,0.85,TRUE,FALSE,FALSE,FALSE,2,FALSE,FALSE,81,0,"OK"
2,1000,0.5,0.25,"Full-GMM",1,1,0,0,0,0.0836280227101232,TRUE,FALSE,1,TRUE,FALSE,FALSE,FALSE,1,FALSE,FALSE,81,0,"OK"
2,1000,0.5,0.25,"DML-IVQR",1,0.7,-0.3,0.3,0.0899999999999999,4.24196811333626,TRUE,FALSE,0.7,TRUE,FALSE,FALSE,FALSE,2,FALSE,FALSE,81,0,"OK"
2,1000,0.5,0.1,"Oracle-GMM",1,0.7,-0.3,0.3,0.0899999999999999,1.81761163440963,TRUE,FALSE,2.7,TRUE,FALSE,TRUE,TRUE,3,FALSE,FALSE,81,0,"OK"
2,1000,0.5,0.1,"Full-GMM",1,1,0,0,0,0.0210603251098648,TRUE,FALSE,3,TRUE,FALSE,TRUE,TRUE,10,FALSE,FALSE,81,0,"OK"
2,1000,0.5,0.1,"DML-IVQR",1,0.8,-0.2,0.2,0.04,3.88197851520632,TRUE,FALSE,2.95,TRUE,FALSE,TRUE,TRUE,4,FALSE,FALSE,81,0,"OK"
2,1000,0.75,1,"Oracle-GMM",1.67448975019608,1.6,-0.0744897501960815,0.0744897501960815,0.00554872288427462,2.25484482245509,TRUE,FALSE,0.3,TRUE,FALSE,FALSE,FALSE,1,FALSE,FALSE,86,0,"OK"
2,1000,0.75,1,"Full-GMM",1.67448975019608,1.4,-0.274489750196081,0.274489750196081,0.0753446229627071,6.59911695972501,FALSE,TRUE,0.45,TRUE,FALSE,FALSE,FALSE,1,FALSE,FALSE,86,0,"OK"
2,1000,0.75,1,"DML-IVQR",1.67448975019608,1.6,-0.0744897501960815,0.0744897501960815,0.00554872288427462,7.87892880468884,FALSE,TRUE,0.35,TRUE,FALSE,FALSE,FALSE,1,FALSE,FALSE,86,0,"OK"
2,1000,0.75,0.5,"Oracle-GMM",1.67448975019608,1.5,-0.174489750196082,0.174489750196082,0.030446672923491,2.23576713092595,TRUE,FALSE,1.6,TRUE,FALSE,FALSE,FALSE,2,FALSE,FALSE,86,0,"OK"
2,1000,0.75,0.5,"Full-GMM",1.67448975019608,1.3,-0.374489750196081,0.374489750196081,0.140242573001923,4.49631849316245,TRUE,FALSE,1.2,TRUE,FALSE,FALSE,FALSE,6,FALSE,FALSE,86,0,"OK"
2,1000,0.75,0.5,"DML-IVQR",1.67448975019608,1.4,-0.274489750196081,0.274489750196081,0.0753446229627071,2.67637679176911,TRUE,FALSE,1.05,TRUE,FALSE,FALSE,FALSE,2,FALSE,FALSE,86,0,"OK"
2,1000,0.75,0.25,"Oracle-GMM",1.67448975019608,1.3,-0.374489750196081,0.374489750196081,0.140242573001923,1.55973353224697,TRUE,FALSE,2.825,TRUE,FALSE,TRUE,FALSE,2,FALSE,FALSE,86,0,"OK"
2,1000,0.75,0.25,"Full-GMM",1.67448975019608,1.2,-0.474489750196081,0.474489750196081,0.22514052304114,4.06341671772286,TRUE,FALSE,3.175,TRUE,FALSE,FALSE,TRUE,6,FALSE,FALSE,86,0,"OK"
2,1000,0.75,0.25,"DML-IVQR",1.67448975019608,1.5,-0.174489750196082,0.174489750196082,0.030446672923491,0.930410995493696,TRUE,FALSE,3.05,TRUE,FALSE,FALSE,FALSE,3,FALSE,FALSE,86,0,"OK"
2,1000,0.75,0.1,"Oracle-GMM",1.67448975019608,1,-0.674489750196082,0.674489750196082,0.454936423119573,1.71761512302314,TRUE,FALSE,3.8,TRUE,FALSE,TRUE,TRUE,2,FALSE,FALSE,86,0,"OK"
2,1000,0.75,0.1,"Full-GMM",1.67448975019608,0,-1.67448975019608,1.67448975019608,2.80391592351174,2.47360533602204,TRUE,FALSE,3.7,TRUE,FALSE,TRUE,TRUE,5,FALSE,FALSE,86,0,"OK"
2,1000,0.75,0.1,"DML-IVQR",1.67448975019608,1,-0.674489750196082,0.674489750196082,0.454936423119573,1.11948158105048,TRUE,FALSE,3.95,TRUE,FALSE,TRUE,TRUE,2,FALSE,FALSE,86,0,"OK"
2,1000,0.9,1,"Oracle-GMM",2.2815515655446,2.1,-0.181551565544601,0.181551565544601,0.0329609709516955,1.17725884850531,TRUE,FALSE,0.55,TRUE,FALSE,FALSE,FALSE,1,FALSE,FALSE,86,0,"OK"
2,1000,0.9,1,"Full-GMM",2.2815515655446,1.7,-0.581551565544601,0.581551565544601,0.338202223387376,2.78535803803154,TRUE,FALSE,1.15,TRUE,FALSE,FALSE,FALSE,6,FALSE,FALSE,86,0,"OK"
2,1000,0.9,1,"DML-IVQR",2.2815515655446,2.1,-0.181551565544601,0.181551565544601,0.0329609709516955,12.181525625306,FALSE,TRUE,0.5,TRUE,FALSE,FALSE,FALSE,1,FALSE,FALSE,86,0,"OK"
2,1000,0.9,0.5,"Oracle-GMM",2.2815515655446,1.8,-0.481551565544601,0.481551565544601,0.231891910278456,2.16214530727672,TRUE,FALSE,3.425,TRUE,FALSE,TRUE,FALSE,2,FALSE,FALSE,86,0,"OK"
2,1000,0.9,0.5,"Full-GMM",2.2815515655446,1.4,-0.8815515655446,0.8815515655446,0.777133162714136,8.70212108711391,FALSE,TRUE,3.2,TRUE,FALSE,FALSE,FALSE,7,FALSE,FALSE,86,0,"OK"
2,1000,0.9,0.5,"DML-IVQR",2.2815515655446,1.8,-0.481551565544601,0.481551565544601,0.231891910278456,6.33850469650311,FALSE,TRUE,1.7,TRUE,FALSE,FALSE,FALSE,2,FALSE,FALSE,86,0,"OK"
2,1000,0.9,0.25,"Oracle-GMM",2.2815515655446,0.2,-2.0815515655446,2.0815515655446,4.33285692002118,2.31025969734299,TRUE,FALSE,3.95,TRUE,FALSE,TRUE,TRUE,2,FALSE,FALSE,86,0,"OK"
2,1000,0.9,0.25,"Full-GMM",2.2815515655446,-0.1,-2.3815515655446,2.3815515655446,5.67178785934794,3.2321077130031,TRUE,FALSE,3.325,TRUE,FALSE,TRUE,FALSE,7,FALSE,FALSE,86,0,"OK"
2,1000,0.9,0.25,"DML-IVQR",2.2815515655446,1.1,-1.1815515655446,1.1815515655446,1.3960641020409,3.33956786344197,TRUE,FALSE,3.675,TRUE,FALSE,TRUE,FALSE,3,FALSE,FALSE,86,0,"OK"
2,1000,0.9,0.1,"Oracle-GMM",2.2815515655446,-0.9,-3.1815515655446,3.1815515655446,10.1222703642193,2.42479266067602,TRUE,FALSE,4,TRUE,TRUE,TRUE,TRUE,1,FALSE,FALSE,86,0,"OK"
2,1000,0.9,0.1,"Full-GMM",2.2815515655446,1.1,-1.1815515655446,1.1815515655446,1.3960641020409,7.97398984289748,FALSE,TRUE,3.6,TRUE,FALSE,TRUE,TRUE,4,FALSE,FALSE,86,0,"OK"
2,1000,0.9,0.1,"DML-IVQR",2.2815515655446,0.4,-1.8815515655446,1.8815515655446,3.54023629380334,2.76905922675684,TRUE,FALSE,4,TRUE,TRUE,TRUE,TRUE,1,FALSE,FALSE,86,0,"OK"
3,500,0.1,1,"Oracle-GMM",-0.281551565544601,-0.2,0.0815515655446009,0.0815515655446009,0.00665065784277533,0.0647818540443321,TRUE,FALSE,0.8,TRUE,FALSE,FALSE,FALSE,1,FALSE,FALSE,86,0,"OK"
3,500,0.1,1,"Full-GMM",-0.281551565544601,-0.2,0.0815515655446009,0.0815515655446009,0.00665065784277533,5.87974313761016,TRUE,FALSE,2.3,TRUE,FALSE,FALSE,FALSE,8,FALSE,FALSE,86,0,"OK"
3,500,0.1,1,"DML-IVQR",-0.281551565544601,-0.2,0.0815515655446009,0.0815515655446009,0.00665065784277533,1.17657117111743,TRUE,FALSE,2.75,TRUE,FALSE,FALSE,FALSE,5,FALSE,FALSE,86,0,"OK"
3,500,0.1,0.5,"Oracle-GMM",-0.281551565544601,-0.2,0.0815515655446009,0.0815515655446009,0.00665065784277533,1.79041458710783,TRUE,FALSE,3.425,TRUE,FALSE,FALSE,TRUE,1,FALSE,FALSE,86,0,"OK"
3,500,0.1,0.5,"Full-GMM",-0.281551565544601,1.8,2.0815515655446,2.0815515655446,4.33285692002118,2.45754888750386,TRUE,FALSE,3.45,TRUE,FALSE,TRUE,TRUE,6,FALSE,FALSE,86,0,"OK"
3,500,0.1,0.5,"DML-IVQR",-0.281551565544601,1.1,1.3815515655446,1.3815515655446,1.90868472825874,0.620775738991577,TRUE,FALSE,3.525,TRUE,FALSE,FALSE,TRUE,2,FALSE,FALSE,86,0,"OK"
3,500,0.1,0.25,"Oracle-GMM",-0.281551565544601,-0.2,0.0815515655446009,0.0815515655446009,0.00665065784277533,0.173685465247392,TRUE,FALSE,3.8,TRUE,FALSE,TRUE,TRUE,4,FALSE,FALSE,86,0,"OK"
3,500,0.1,0.25,"Full-GMM",-0.281551565544601,0.7,0.981551565544601,0.981551565544601,0.963443475823057,0.524358576928119,TRUE,FALSE,3.9,TRUE,FALSE,TRUE,TRUE,3,FALSE,FALSE,86,0,"OK"
3,500,0.1,0.25,"DML-IVQR",-0.281551565544601,1.5,1.7815515655446,1.7815515655446,3.17392598069442,0.83623571178934,TRUE,FALSE,3.525,TRUE,FALSE,FALSE,TRUE,1,FALSE,FALSE,86,0,"OK"
3,500,0.1,0.1,"Oracle-GMM",-0.281551565544601,2.9,3.1815515655446,3.1815515655446,10.1222703642193,0.490840319449134,TRUE,FALSE,4,TRUE,TRUE,TRUE,TRUE,1,FALSE,FALSE,86,0,"OK"
3,500,0.1,0.1,"Full-GMM",-0.281551565544601,1.5,1.7815515655446,1.7815515655446,3.17392598069442,1.23519118261941,TRUE,FALSE,3.9,TRUE,FALSE,TRUE,TRUE,3,FALSE,FALSE,86,0,"OK"
3,500,0.1,0.1,"DML-IVQR",-0.281551565544601,0.2,0.481551565544601,0.481551565544601,0.231891910278456,1.36482532082623,TRUE,FALSE,3.625,TRUE,FALSE,FALSE,TRUE,2,FALSE,FALSE,86,0,"OK"
3,500,0.25,1,"Oracle-GMM",0.325510249803918,0.4,0.0744897501960818,0.0744897501960818,0.00554872288427467,1.36382837771935,TRUE,FALSE,0.55,TRUE,FALSE,FALSE,FALSE,1,FALSE,FALSE,86,0,"OK"
3,500,0.25,1,"Full-GMM",0.325510249803918,0.6,0.274489750196082,0.274489750196082,0.0753446229627074,2.51957612233768,TRUE,FALSE,1.3,TRUE,FALSE,FALSE,FALSE,5,FALSE,FALSE,86,0,"OK"
3,500,0.25,1,"DML-IVQR",0.325510249803918,0.4,0.0744897501960818,0.0744897501960818,0.00554872288427467,0.287255311306069,TRUE,FALSE,1.35,TRUE,FALSE,FALSE,FALSE,1,FALSE,FALSE,86,0,"OK"
3,500,0.25,0.5,"Oracle-GMM",0.325510249803918,0.6,0.274489750196082,0.274489750196082,0.0753446229627074,2.66467272042049,TRUE,FALSE,1,TRUE,FALSE,FALSE,FALSE,1,FALSE,FALSE,86,0,"OK"
3,500,0.25,0.5,"Full-GMM",0.325510249803918,0.8,0.474489750196082,0.474489750196082,0.22514052304114,2.75530714444292,TRUE,FALSE,2.7,TRUE,FALSE,FALSE,FALSE,12,FALSE,FALSE,86,0,"OK"
3,500,0.25,0.5,"DML-IVQR",0.325510249803918,0.6,0.274489750196082,0.274489750196082,0.0753446229627074,0.0684041691985292,TRUE,FALSE,2.975,TRUE,FALSE,FALSE,TRUE,1,FALSE,FALSE,86,0,"OK"
3,500,0.25,0.25,"Oracle-GMM",0.325510249803918,0.9,0.574489750196082,0.574489750196082,0.330038473080356,1.19840798806473,TRUE,FALSE,3.125,TRUE,FALSE,FALSE,TRUE,2,FALSE,FALSE,86,0,"OK"
3,500,0.25,0.25,"Full-GMM",0.325510249803918,1.6,1.27448975019608,1.27448975019608,1.62432412335487,0.847822661374714,TRUE,FALSE,3.9,TRUE,FALSE,TRUE,TRUE,3,FALSE,FALSE,86,0,"OK"
3,500,0.25,0.25,"DML-IVQR",0.325510249803918,0.4,0.0744897501960818,0.0744897501960818,0.00554872288427467,1.32203226363508,TRUE,FALSE,3.025,TRUE,FALSE,FALSE,TRUE,2,FALSE,FALSE,86,0,"OK"
3,500,0.25,0.1,"Oracle-GMM",0.325510249803918,1,0.674489750196082,0.674489750196082,0.454936423119573,1.59677366011116,TRUE,FALSE,3.9,TRUE,FALSE,TRUE,TRUE,2,FALSE,FALSE,86,0,"OK"
3,500,0.25,0.1,"Full-GMM",0.325510249803918,1.7,1.37448975019608,1.37448975019608,1.88922207339409,1.76335027080953,TRUE,FALSE,3.8,TRUE,FALSE,TRUE,TRUE,5,FALSE,FALSE,86,0,"OK"
3,500,0.25,0.1,"DML-IVQR",0.325510249803918,1.5,1.17448975019608,1.17448975019608,1.37942617331565,0.56478364388361,TRUE,FALSE,3.85,TRUE,FALSE,TRUE,TRUE,2,FALSE,FALSE,86,0,"OK"
3,500,0.5,1,"Oracle-GMM",1,1.1,0.1,0.1,0.01,4.38512936060149,TRUE,FALSE,0.2,TRUE,FALSE,FALSE,FALSE,1,FALSE,FALSE,81,0,"OK"
3,500,0.5,1,"Full-GMM",1,1.1,0.1,0.1,0.01,2.66968802514525,TRUE,FALSE,0.85,TRUE,FALSE,FALSE,FALSE,2,FALSE,FALSE,81,0,"OK"
3,500,0.5,1,"DML-IVQR",1,1.2,0.2,0.2,0.0400000000000001,4.66381902213267,TRUE,FALSE,0.5,TRUE,FALSE,FALSE,FALSE,1,FALSE,FALSE,81,0,"OK"
3,500,0.5,0.5,"Oracle-GMM",1,1,0,0,0,3.14269401862627,TRUE,FALSE,0.9,TRUE,FALSE,FALSE,FALSE,4,FALSE,FALSE,81,0,"OK"
3,500,0.5,0.5,"Full-GMM",1,1.6,0.6,0.6,0.36,4.99726884805743,TRUE,FALSE,1.35,TRUE,FALSE,FALSE,FALSE,4,FALSE,FALSE,81,0,"OK"
3,500,0.5,0.5,"DML-IVQR",1,1,0,0,0,2.21973707837283,TRUE,FALSE,0.8,TRUE,FALSE,FALSE,FALSE,3,FALSE,FALSE,81,0,"OK"
3,500,0.5,0.25,"Oracle-GMM",1,2.1,1.1,1.1,1.21,2.17325582415746,TRUE,FALSE,2.075,TRUE,FALSE,FALSE,TRUE,2,FALSE,FALSE,81,0,"OK"
3,500,0.5,0.25,"Full-GMM",1,1.9,0.9,0.9,0.810000000000001,12.3313473828241,FALSE,TRUE,2.1,TRUE,FALSE,TRUE,TRUE,8,FALSE,FALSE,81,0,"OK"
3,500,0.5,0.25,"DML-IVQR",1,1.7,0.7,0.7,0.49,3.64915409996444,TRUE,FALSE,2.575,TRUE,FALSE,FALSE,TRUE,6,FALSE,FALSE,81,0,"OK"
3,500,0.5,0.1,"Oracle-GMM",1,2.6,1.6,1.6,2.56,2.01288600147405,TRUE,FALSE,3.15,TRUE,FALSE,TRUE,TRUE,4,FALSE,FALSE,81,0,"OK"
3,500,0.5,0.1,"Full-GMM",1,2.6,1.6,1.6,2.56,8.55491239633382,FALSE,TRUE,3.3,TRUE,FALSE,TRUE,TRUE,8,FALSE,FALSE,81,0,"OK"
3,500,0.5,0.1,"DML-IVQR",1,2.1,1.1,1.1,1.21,4.1827995405921,TRUE,FALSE,3.75,TRUE,FALSE,TRUE,TRUE,5,FALSE,FALSE,81,0,"OK"
3,500,0.75,1,"Oracle-GMM",1.67448975019608,1.8,0.125510249803919,0.125510249803919,0.0157528228058421,3.32334276387951,TRUE,FALSE,0.25,TRUE,FALSE,FALSE,FALSE,1,FALSE,FALSE,86,0,"OK"
3,500,0.75,1,"Full-GMM",1.67448975019608,1.6,-0.0744897501960815,0.0744897501960815,0.00554872288427462,4.04720382176141,TRUE,FALSE,0.7,TRUE,FALSE,FALSE,FALSE,2,FALSE,FALSE,86,0,"OK"
3,500,0.75,1,"DML-IVQR",1.67448975019608,1.7,0.0255102498039186,0.0255102498039186,0.000650772845058328,2.60806659291881,TRUE,FALSE,0.25,TRUE,FALSE,FALSE,FALSE,1,FALSE,FALSE,86,0,"OK"
3,500,0.75,0.5,"Oracle-GMM",1.67448975019608,1.8,0.125510249803919,0.125510249803919,0.0157528228058421,5.32495072427488,TRUE,FALSE,0.75,TRUE,FALSE,FALSE,FALSE,1,FALSE,FALSE,86,0,"OK"
3,500,0.75,0.5,"Full-GMM",1.67448975019608,2.1,0.425510249803918,0.425510249803918,0.181058972688193,5.67676085259717,TRUE,FALSE,1.1,TRUE,FALSE,FALSE,FALSE,5,FALSE,FALSE,86,0,"OK"
3,500,0.75,0.5,"DML-IVQR",1.67448975019608,2,0.325510249803918,0.325510249803918,0.105956922727409,3.71034921913192,TRUE,FALSE,0.75,TRUE,FALSE,FALSE,FALSE,1,FALSE,FALSE,86,0,"OK"
3,500,0.75,0.25,"Oracle-GMM",1.67448975019608,1.8,0.125510249803919,0.125510249803919,0.0157528228058421,7.95679968175459,FALSE,TRUE,1.975,TRUE,FALSE,FALSE,TRUE,4,FALSE,FALSE,86,0,"OK"
3,500,0.75,0.25,"Full-GMM",1.67448975019608,1.9,0.225510249803919,0.225510249803919,0.0508548727666258,5.78428923416477,TRUE,FALSE,2.575,TRUE,FALSE,FALSE,TRUE,15,FALSE,FALSE,86,0,"OK"
3,500,0.75,0.25,"DML-IVQR",1.67448975019608,2.4,0.725510249803919,0.725510249803919,0.526365122570545,5.23261204893541,TRUE,FALSE,1.875,TRUE,FALSE,FALSE,TRUE,5,FALSE,FALSE,86,0,"OK"
3,500,0.75,0.1,"Oracle-GMM",1.67448975019608,2.7,1.02551024980392,1.02551024980392,1.0516712724529,8.29800533564935,FALSE,TRUE,3.65,TRUE,FALSE,TRUE,TRUE,3,FALSE,FALSE,86,0,"OK"
3,500,0.75,0.1,"Full-GMM",1.67448975019608,2.3,0.625510249803919,0.625510249803919,0.391263072609761,4.38183934258946,TRUE,FALSE,3.5,TRUE,FALSE,TRUE,TRUE,7,FALSE,FALSE,86,0,"OK"
3,500,0.75,0.1,"DML-IVQR",1.67448975019608,3,1.32551024980392,1.32551024980392,1.75697742233525,5.41332063937,TRUE,FALSE,3.3,TRUE,FALSE,TRUE,TRUE,3,FALSE,TRUE,86,0,"OK"
3,500,0.9,1,"Oracle-GMM",2.2815515655446,2.4,0.1184484344554,0.1184484344554,0.0140300316249351,2.68739095258518,TRUE,FALSE,0.75,TRUE,FALSE,FALSE,FALSE,2,FALSE,FALSE,86,0,"OK"
3,500,0.9,1,"Full-GMM",2.2815515655446,2.7,0.418448434455399,0.418448434455399,0.175099092298175,5.49603474534695,TRUE,FALSE,1.6,TRUE,FALSE,FALSE,FALSE,9,FALSE,FALSE,86,0,"OK"
3,500,0.9,1,"DML-IVQR",2.2815515655446,2.2,-0.0815515655446006,0.0815515655446006,0.00665065784277529,4.62233960124229,TRUE,FALSE,0.4,TRUE,FALSE,FALSE,FALSE,1,FALSE,FALSE,86,0,"OK"
3,500,0.9,0.5,"Oracle-GMM",2.2815515655446,2.4,0.1184484344554,0.1184484344554,0.0140300316249351,2.79847469321064,TRUE,FALSE,1.5,TRUE,FALSE,FALSE,FALSE,7,FALSE,FALSE,86,0,"OK"
3,500,0.9,0.5,"Full-GMM",2.2815515655446,2.3,0.0184484344553995,0.0184484344553995,0.00034034473385517,0.410778992709097,TRUE,FALSE,2.75,TRUE,FALSE,TRUE,TRUE,14,FALSE,FALSE,86,0,"OK"
3,500,0.9,0.5,"DML-IVQR",2.2815515655446,2.2,-0.0815515655446006,0.0815515655446006,0.00665065784277529,4.00813242728351,TRUE,FALSE,1.05,TRUE,FALSE,FALSE,FALSE,3,FALSE,FALSE,86,0,"OK"
3,500,0.9,0.25,"Oracle-GMM",2.2815515655446,2.3,0.0184484344553995,0.0184484344553995,0.00034034473385517,1.74757626004581,TRUE,FALSE,2.675,TRUE,FALSE,FALSE,TRUE,10,FALSE,FALSE,86,0,"OK"
3,500,0.9,0.25,"Full-GMM",2.2815515655446,0.8,-1.4815515655446,1.4815515655446,2.19499504136766,1.6174253800056,TRUE,FALSE,3.675,TRUE,FALSE,FALSE,TRUE,5,FALSE,FALSE,86,0,"OK"
3,500,0.9,0.25,"DML-IVQR",2.2815515655446,2.7,0.418448434455399,0.418448434455399,0.175099092298175,7.436740324217,FALSE,TRUE,2.125,TRUE,FALSE,FALSE,TRUE,14,FALSE,FALSE,86,0,"OK"
3,500,0.9,0.1,"Oracle-GMM",2.2815515655446,1.1,-1.1815515655446,1.1815515655446,1.3960641020409,2.68315325006258,TRUE,FALSE,3.55,TRUE,FALSE,TRUE,TRUE,8,FALSE,FALSE,86,0,"OK"
3,500,0.9,0.1,"Full-GMM",2.2815515655446,-0.6,-2.8815515655446,2.8815515655446,8.30333942489254,0.0691731018031342,TRUE,FALSE,3.85,TRUE,FALSE,TRUE,TRUE,4,FALSE,FALSE,86,0,"OK"
3,500,0.9,0.1,"DML-IVQR",2.2815515655446,3,0.718448434455399,0.718448434455399,0.516168152971414,6.57068759625419,FALSE,TRUE,3.6,TRUE,FALSE,TRUE,TRUE,5,FALSE,TRUE,86,0,"OK"
3,1000,0.1,1,"Oracle-GMM",-0.281551565544601,-0.2,0.0815515655446009,0.0815515655446009,0.00665065784277533,2.4824506456099,TRUE,FALSE,0.45,TRUE,FALSE,FALSE,FALSE,1,FALSE,FALSE,86,0,"OK"
3,1000,0.1,1,"Full-GMM",-0.281551565544601,0,0.281551565544601,0.281551565544601,0.0792712840606156,5.52601017011729,TRUE,FALSE,0.5,TRUE,FALSE,FALSE,FALSE,1,FALSE,FALSE,86,0,"OK"
3,1000,0.1,1,"DML-IVQR",-0.281551565544601,-0.3,-0.0184484344553991,0.0184484344553991,0.000340344733855157,0.0542927761584951,TRUE,FALSE,0.5,TRUE,FALSE,FALSE,FALSE,1,FALSE,FALSE,86,0,"OK"
3,1000,0.1,0.5,"Oracle-GMM",-0.281551565544601,-0.2,0.0815515655446009,0.0815515655446009,0.00665065784277533,3.77053864519279,TRUE,FALSE,0.6,TRUE,FALSE,FALSE,FALSE,1,FALSE,FALSE,86,0,"OK"
3,1000,0.1,0.5,"Full-GMM",-0.281551565544601,0.1,0.381551565544601,0.381551565544601,0.145581597169536,4.75300895715669,TRUE,FALSE,1.45,TRUE,FALSE,FALSE,FALSE,11,FALSE,FALSE,86,0,"OK"
3,1000,0.1,0.5,"DML-IVQR",-0.281551565544601,-0.2,0.0815515655446009,0.0815515655446009,0.00665065784277533,2.65209083253327,TRUE,FALSE,2,TRUE,FALSE,FALSE,FALSE,4,FALSE,FALSE,86,0,"OK"
3,1000,0.1,0.25,"Oracle-GMM",-0.281551565544601,-0.2,0.0815515655446009,0.0815515655446009,0.00665065784277533,3.4751559671291,TRUE,FALSE,2.225,TRUE,FALSE,FALSE,TRUE,7,FALSE,FALSE,86,0,"OK"
3,1000,0.1,0.25,"Full-GMM",-0.281551565544601,0.4,0.681551565544601,0.681551565544601,0.464512536496296,3.80630924987321,TRUE,FALSE,3.1,TRUE,FALSE,FALSE,FALSE,12,FALSE,FALSE,86,0,"OK"
3,1000,0.1,0.25,"DML-IVQR",-0.281551565544601,0.6,0.881551565544601,0.881551565544601,0.777133162714137,1.44693400545358,TRUE,FALSE,3.65,TRUE,FALSE,TRUE,TRUE,5,FALSE,FALSE,86,0,"OK"
3,1000,0.1,0.1,"Oracle-GMM",-0.281551565544601,2.9,3.1815515655446,3.1815515655446,10.1222703642193,1.09520400884223,TRUE,FALSE,4,TRUE,TRUE,TRUE,TRUE,1,FALSE,FALSE,86,0,"OK"
3,1000,0.1,0.1,"Full-GMM",-0.281551565544601,0.1,0.381551565544601,0.381551565544601,0.145581597169536,0.769423040430387,TRUE,FALSE,4,TRUE,TRUE,TRUE,TRUE,1,FALSE,FALSE,86,0,"OK"
3,1000,0.1,0.1,"DML-IVQR",-0.281551565544601,0.3,0.581551565544601,0.581551565544601,0.338202223387376,1.9626155550017,TRUE,FALSE,4,TRUE,TRUE,TRUE,TRUE,1,FALSE,FALSE,86,0,"OK"
3,1000,0.25,1,"Oracle-GMM",0.325510249803918,0.3,-0.0255102498039183,0.0255102498039183,0.000650772845058311,1.28958129888355,TRUE,FALSE,0.25,TRUE,FALSE,FALSE,FALSE,1,FALSE,FALSE,86,0,"OK"
3,1000,0.25,1,"Full-GMM",0.325510249803918,0.4,0.0744897501960818,0.0744897501960818,0.00554872288427467,0.313030701400746,TRUE,FALSE,0.5,TRUE,FALSE,FALSE,FALSE,1,FALSE,FALSE,86,0,"OK"
3,1000,0.25,1,"DML-IVQR",0.325510249803918,0.2,-0.125510249803918,0.125510249803918,0.0157528228058419,5.73655226378872,TRUE,FALSE,0.35,TRUE,FALSE,FALSE,FALSE,1,FALSE,FALSE,86,0,"OK"
3,1000,0.25,0.5,"Oracle-GMM",0.325510249803918,0.3,-0.0255102498039183,0.0255102498039183,0.000650772845058311,0.164152045672585,TRUE,FALSE,0.4,TRUE,FALSE,FALSE,FALSE,1,FALSE,FALSE,86,0,"OK"
3,1000,0.25,0.5,"Full-GMM",0.325510249803918,0.4,0.0744897501960818,0.0744897501960818,0.00554872288427467,0.759367725211097,TRUE,FALSE,0.75,TRUE,FALSE,FALSE,FALSE,3,FALSE,FALSE,86,0,"OK"
3,1000,0.25,0.5,"DML-IVQR",0.325510249803918,0.3,-0.0255102498039183,0.0255102498039183,0.000650772845058311,0.724394075306521,TRUE,FALSE,0.85,TRUE,FALSE,FALSE,FALSE,1,FALSE,FALSE,86,0,"OK"
3,1000,0.25,0.25,"Oracle-GMM",0.325510249803918,0.2,-0.125510249803918,0.125510249803918,0.0157528228058419,1.094753159442,TRUE,FALSE,0.7,TRUE,FALSE,FALSE,FALSE,1,FALSE,FALSE,86,0,"OK"
3,1000,0.25,0.25,"Full-GMM",0.325510249803918,0.1,-0.225510249803918,0.225510249803918,0.0508548727666256,1.81087921714935,TRUE,FALSE,1.05,TRUE,FALSE,FALSE,FALSE,3,FALSE,FALSE,86,0,"OK"
3,1000,0.25,0.25,"DML-IVQR",0.325510249803918,0.2,-0.125510249803918,0.125510249803918,0.0157528228058419,0.916138297894472,TRUE,FALSE,1.1,TRUE,FALSE,FALSE,FALSE,1,FALSE,FALSE,86,0,"OK"
3,1000,0.25,0.1,"Oracle-GMM",0.325510249803918,0.2,-0.125510249803918,0.125510249803918,0.0157528228058419,1.01655609528186,TRUE,FALSE,1.675,TRUE,FALSE,TRUE,FALSE,2,FALSE,FALSE,86,0,"OK"
3,1000,0.25,0.1,"Full-GMM",0.325510249803918,0.4,0.0744897501960818,0.0744897501960818,0.00554872288427467,0.200912737532249,TRUE,FALSE,2.375,TRUE,FALSE,TRUE,FALSE,6,FALSE,FALSE,86,0,"OK"
3,1000,0.25,0.1,"DML-IVQR",0.325510249803918,0.4,0.0744897501960818,0.0744897501960818,0.00554872288427467,0.33559990201659,TRUE,FALSE,3.05,TRUE,FALSE,TRUE,TRUE,6,FALSE,FALSE,86,0,"OK"
3,1000,0.5,1,"Oracle-GMM",1,0.9,-0.0999999999999999,0.0999999999999999,0.00999999999999997,1.81875445715109,TRUE,FALSE,0.25,TRUE,FALSE,FALSE,FALSE,1,FALSE,FALSE,81,0,"OK"
3,1000,0.5,1,"Full-GMM",1,0.9,-0.0999999999999999,0.0999999999999999,0.00999999999999997,1.25891019218988,TRUE,FALSE,0.4,TRUE,FALSE,FALSE,FALSE,1,FALSE,FALSE,81,0,"OK"
3,1000,0.5,1,"DML-IVQR",1,0.9,-0.0999999999999999,0.0999999999999999,0.00999999999999997,7.67517315768349,FALSE,TRUE,0.25,TRUE,FALSE,FALSE,FALSE,1,FALSE,FALSE,81,0,"OK"
3,1000,0.5,0.5,"Oracle-GMM",1,1,0,0,0,0.576899811615431,TRUE,FALSE,0.6,TRUE,FALSE,FALSE,FALSE,1,FALSE,FALSE,81,0,"OK"
3,1000,0.5,0.5,"Full-GMM",1,0.9,-0.0999999999999999,0.0999999999999999,0.00999999999999997,0.301122036224522,TRUE,FALSE,0.65,TRUE,FALSE,FALSE,FALSE,1,FALSE,FALSE,81,0,"OK"
3,1000,0.5,0.5,"DML-IVQR",1,0.7,-0.3,0.3,0.0899999999999999,4.71534099668881,TRUE,FALSE,0.55,TRUE,FALSE,FALSE,FALSE,2,FALSE,FALSE,81,0,"OK"
3,1000,0.5,0.25,"Oracle-GMM",1,0.4,-0.6,0.6,0.36,0.895116796008374,TRUE,FALSE,2,TRUE,FALSE,FALSE,FALSE,2,FALSE,FALSE,81,0,"OK"
3,1000,0.5,0.25,"Full-GMM",1,0.7,-0.3,0.3,0.0899999999999999,3.81597020088277,TRUE,FALSE,1.95,TRUE,FALSE,FALSE,FALSE,5,FALSE,FALSE,81,0,"OK"
3,1000,0.5,0.25,"DML-IVQR",1,0.4,-0.6,0.6,0.36,1.66207686338397,TRUE,FALSE,1.6,TRUE,FALSE,FALSE,FALSE,3,FALSE,FALSE,81,0,"OK"
3,1000,0.5,0.1,"Oracle-GMM",1,0.3,-0.7,0.7,0.49,1.5006445173841,TRUE,FALSE,2.675,TRUE,FALSE,TRUE,FALSE,1,FALSE,FALSE,81,0,"OK"
3,1000,0.5,0.1,"Full-GMM",1,0.1,-0.9,0.9,0.81,1.45967698088704,TRUE,FALSE,2.825,TRUE,FALSE,TRUE,FALSE,6,FALSE,FALSE,81,0,"OK"
3,1000,0.5,0.1,"DML-IVQR",1,0.2,-0.8,0.8,0.64,1.44282874973716,TRUE,FALSE,3.525,TRUE,FALSE,TRUE,FALSE,2,FALSE,FALSE,81,0,"OK"
3,1000,0.75,1,"Oracle-GMM",1.67448975019608,1.6,-0.0744897501960815,0.0744897501960815,0.00554872288427462,2.74871939060753,TRUE,FALSE,0.3,TRUE,FALSE,FALSE,FALSE,1,FALSE,FALSE,86,0,"OK"
3,1000,0.75,1,"Full-GMM",1.67448975019608,1.5,-0.174489750196082,0.174489750196082,0.030446672923491,3.72208202705381,TRUE,FALSE,0.55,TRUE,FALSE,FALSE,FALSE,1,FALSE,FALSE,86,0,"OK"
3,1000,0.75,1,"DML-IVQR",1.67448975019608,1.5,-0.174489750196082,0.174489750196082,0.030446672923491,10.9011930344027,FALSE,TRUE,0.25,TRUE,FALSE,FALSE,FALSE,1,FALSE,FALSE,86,0,"OK"
3,1000,0.75,0.5,"Oracle-GMM",1.67448975019608,1.6,-0.0744897501960815,0.0744897501960815,0.00554872288427462,2.1411511416982,TRUE,FALSE,1.05,TRUE,FALSE,FALSE,FALSE,2,FALSE,FALSE,86,0,"OK"
3,1000,0.75,0.5,"Full-GMM",1.67448975019608,1.4,-0.274489750196081,0.274489750196081,0.0753446229627071,1.98602377828014,TRUE,FALSE,1.35,TRUE,FALSE,FALSE,FALSE,7,FALSE,FALSE,86,0,"OK"
3,1000,0.75,0.5,"DML-IVQR",1.67448975019608,1.5,-0.174489750196082,0.174489750196082,0.030446672923491,1.30514443763881,TRUE,FALSE,1.1,TRUE,FALSE,FALSE,FALSE,1,FALSE,FALSE,86,0,"OK"
3,1000,0.75,0.25,"Oracle-GMM",1.67448975019608,1.3,-0.374489750196081,0.374489750196081,0.140242573001923,0.96049067987508,TRUE,FALSE,2.875,TRUE,FALSE,TRUE,FALSE,2,FALSE,FALSE,86,0,"OK"
3,1000,0.75,0.25,"Full-GMM",1.67448975019608,0.3,-1.37448975019608,1.37448975019608,1.88922207339409,4.67464260570933,TRUE,FALSE,3.125,TRUE,FALSE,TRUE,FALSE,5,FALSE,FALSE,86,0,"OK"
3,1000,0.75,0.25,"DML-IVQR",1.67448975019608,0.9,-0.774489750196081,0.774489750196081,0.599834373158789,1.60895541827778,TRUE,FALSE,3.35,TRUE,FALSE,TRUE,TRUE,5,FALSE,FALSE,86,0,"OK"
3,1000,0.75,0.1,"Oracle-GMM",1.67448975019608,-0.9,-2.57448975019608,2.57448975019608,6.62799747386468,0.932645683101789,TRUE,FALSE,4,TRUE,TRUE,TRUE,TRUE,1,FALSE,FALSE,86,0,"OK"
3,1000,0.75,0.1,"Full-GMM",1.67448975019608,-0.6,-2.27448975019608,2.27448975019608,5.17330362374703,2.83265461477807,TRUE,FALSE,4,TRUE,TRUE,TRUE,TRUE,1,FALSE,FALSE,86,0,"OK"
3,1000,0.75,0.1,"DML-IVQR",1.67448975019608,-0.2,-1.87448975019608,1.87448975019608,3.51371182359017,0.713599052310298,TRUE,FALSE,4,TRUE,TRUE,TRUE,TRUE,1,FALSE,FALSE,86,0,"OK"
3,1000,0.9,1,"Oracle-GMM",2.2815515655446,2.1,-0.181551565544601,0.181551565544601,0.0329609709516955,9.38926869307271,FALSE,TRUE,0.7,TRUE,FALSE,FALSE,FALSE,2,FALSE,FALSE,86,0,"OK"
3,1000,0.9,1,"Full-GMM",2.2815515655446,2,-0.281551565544601,0.281551565544601,0.0792712840606156,25.8822752697204,FALSE,TRUE,1.15,TRUE,FALSE,FALSE,FALSE,4,FALSE,FALSE,86,0,"OK"
3,1000,0.9,1,"DML-IVQR",2.2815515655446,1.9,-0.3815515655446,0.3815515655446,0.145581597169536,18.6944540342701,FALSE,TRUE,0.4,TRUE,FALSE,FALSE,FALSE,1,FALSE,FALSE,86,0,"OK"
3,1000,0.9,0.5,"Oracle-GMM",2.2815515655446,1.7,-0.581551565544601,0.581551565544601,0.338202223387376,3.22667482816828,TRUE,FALSE,2.85,TRUE,FALSE,FALSE,FALSE,1,FALSE,FALSE,86,0,"OK"
3,1000,0.9,0.5,"Full-GMM",2.2815515655446,2.3,0.0184484344553995,0.0184484344553995,0.00034034473385517,2.21630459072162,TRUE,FALSE,3.325,TRUE,FALSE,TRUE,FALSE,8,FALSE,FALSE,86,0,"OK"
3,1000,0.9,0.5,"DML-IVQR",2.2815515655446,1.8,-0.481551565544601,0.481551565544601,0.231891910278456,7.08875895821211,FALSE,TRUE,2.725,TRUE,FALSE,TRUE,FALSE,5,FALSE,FALSE,86,0,"OK"
3,1000,0.9,0.25,"Oracle-GMM",2.2815515655446,1.3,-0.981551565544601,0.981551565544601,0.963443475823056,3.12172533815322,TRUE,FALSE,3.95,TRUE,FALSE,TRUE,TRUE,2,FALSE,FALSE,86,0,"OK"
3,1000,0.9,0.25,"Full-GMM",2.2815515655446,1.2,-1.0815515655446,1.0815515655446,1.16975378893198,0.398726815125344,TRUE,FALSE,3.95,TRUE,FALSE,TRUE,TRUE,2,FALSE,FALSE,86,0,"OK"
3,1000,0.9,0.25,"DML-IVQR",2.2815515655446,1,-1.2815515655446,1.2815515655446,1.64237441514982,1.15238096331678,TRUE,FALSE,3.9,TRUE,FALSE,TRUE,TRUE,2,FALSE,FALSE,86,0,"OK"
3,1000,0.9,0.1,"Oracle-GMM",2.2815515655446,1,-1.2815515655446,1.2815515655446,1.64237441514982,1.95535863228816,TRUE,FALSE,4,TRUE,TRUE,TRUE,TRUE,1,FALSE,FALSE,86,0,"OK"
3,1000,0.9,0.1,"Full-GMM",2.2815515655446,1.4,-0.8815515655446,0.8815515655446,0.777133162714136,1.10443819640158,TRUE,FALSE,4,TRUE,TRUE,TRUE,TRUE,1,FALSE,FALSE,86,0,"OK"
3,1000,0.9,0.1,"DML-IVQR",2.2815515655446,-0.2,-2.4815515655446,2.4815515655446,6.15809817245686,0.111351494667364,TRUE,FALSE,4,TRUE,TRUE,TRUE,TRUE,1,FALSE,FALSE,86,0,"OK"
